State,Council,What's On?,Icon,Short description,Suitable for,Day,Time,Where?,Address,Timezone,Term dates
NSW,Waverley,Story Time,teddy_book,"Story Time Fun will capture the imaginations of toddlers and pre-schoolers with stories, rhymes and craft.",3 - 5 years,Thursday,11:00am - 11:30am,Waverley Library,"32-48 Denison St, Bondi Junction NSW 2022",AEDT (Australian Eastern Daylight Time),Not available in school holidays or public holidays
NSW,Waverley,Book Babies,teddy_book,Book Babies introduces your babes in arms to the magic and joy of stories and rhymes.,0 - 2 years,Monday,9:30am - 10:00am,Waverley Library,"32-48 Denison St, Bondi Junction NSW 2022",AEDT,Not available in school holidays or public holidays
NSW,Waverley,Book Babies,teddy_book,Book Babies introduces your babes in arms to the magic and joy of stories and rhymes.,0 - 2 years,Tuesday,9:30am - 10:00am,Waverley Library,"32-48 Denison St, Bondi Junction NSW 2022",AEDT,Not available in school holidays or public holidays
NSW,Waverley,Book Babies,teddy_book,Book Babies introduces your babes in arms to the magic and joy of stories and rhymes.,0 - 2 years,Thursday,9:30am - 10:00am,Waverley Library,"32-48 Denison St, Bondi Junction NSW 2022",AEDT,Not available in school holidays or public holidays
NSW,Waverley,Story Time,teddy_book,"Story Time Fun will capture the imaginations of toddlers and pre-schoolers with stories, rhymes and craft.",3 - 5 years,Monday,11:00am - 11:30am,Waverley Library,"32-48 Denison St, Bondi Junction NSW 2022",AEDT,Not available in school holidays or public holidays
NSW,Waverley,Story Time,teddy_book,"Story Time Fun will capture the imaginations of toddlers and pre-schoolers with stories, rhymes and craft.",3 - 5 years,Tuesday,11:00am - 11:30am,Waverley Library,"32-48 Denison St, Bondi Junction NSW 2022",AEDT,Not available in school holidays or public holidays
NSW,Waverley,Rocking Rhyme Time,baby,"Rocking Rhyme Time is a high energy morning of dancing, music, rhymes and stories.",2 - 4 years,Monday,10:15am - 10:45am,Waverley Library,"32-48 Denison St, Bondi Junction NSW 2022",AEDT,Not available in school holidays or public holidays
NSW,Waverley,Rocking Rhyme Time,baby,"Rocking Rhyme Time is a high energy morning of dancing, music, rhymes and stories.",2 - 4 years,Tuesday,10:15am - 10:45am,Waverley Library,"32-48 Denison St, Bondi Junction NSW 2022",AEDT,Not available in school holidays or public holidays
NSW,Waverley,Rocking Rhyme Time,baby,"Rocking Rhyme Time is a high energy morning of dancing, music, rhymes and stories.",2 - 4 years,Thursday,10:15am - 10:45am,Waverley Library,"32-48 Denison St, Bondi Junction NSW 2022",AEDT,Not available in school holidays or public holidays
NSW,City of Sydney,Bilingual Storytime,teddy_book,"Bilingual Storytime is a fun interactive session of storytelling for 3 to 5 year olds and their carers. Stories, songs and rhymes spoken in English and Mandarin support early literacy development, nurture Mandarin knowledge and provide a wonderful cultural exchange.",3 - 5 years,Monday,11:30am - 12:00pm,Green Square Library,"355 Botany Road, Zetland NSW 2017",AEDT,Not available in school holidays or public holidays
NSW,City of Sydney,Story Time,teddy_book,"This is a free 30 minute fun and animated story telling targeted to a younger audience 1 to 5 years old but older children are welcome to join in. Space is limited, booking is essential",1 - 5 years ,Monday,10:30am - 11:00am,Maybanke Community Centre,"87-89 Harris Street, Pyrmont NSW 2009",AEDT,Not available in school holidays or public holidays
NSW,City of Sydney,Bilingual Rhyme Time,baby,"Bilingual rhymetime is a fun interactive session for 0 to 2 year olds and their carers. Songs and rhymes sung in Mandarin and English support early literacy development, nurture Mandarin knowledge and provide a wonderful cultural exchange. Join our 20 minutes sessions, spending time together enjoying fingerplay and singing songs.",0 - 2 years,Monday,10:30am - 10:50am,Green Square Library,"355 Botany Road, Zetland NSW 2017",AEDT,Not available in school holidays or public holidays
NSW,City of Sydney,Story Time,teddy_book,Storytime is a fun interactive session of storytelling for 3-5 year olds and their carers. The program fosters a love of reading and helps develop important early literacy skills and social interaction in readiness for school.,3 - 5 years,Tuesday,11:30am - 12:00pm,Darling Square Library,"Levels 1 and 2, The Exchange, 1 Little Pier Street, Haymarket NSW 2000",AEDT,Not available in school holidays or public holidays
NSW,City of Sydney,Bilingual Rhyme Time,baby,"Bilingual rhymetime is a fun interactive session for 0 to 2 year olds and their carers. Songs and rhymes sung in Mandarin and English support early literacy development, nurture Mandarin knowledge and provide a wonderful cultural exchange.",0 - 2 years,Wednesday,10:30am - 10:50am,Darling Square Library,"Levels 1 and 2, The Exchange, 1 Little Pier Street, Haymarket NSW 2000",AEDT,Not available in school holidays or public holidays
NSW,City of Sydney,Rhyme Time,baby,Rhymetime is a fun interactive session of singing and rhymes for 0-2 years. The program fosters a love of reading and helps develop important early literacy skills and social interaction.,0 - 2 years,Wednesday,10:30am - 10:50am,Surry Hills Neighbourhood Centre,"405 Crown Street, Surry Hills NSW 2010",AEDT,Not available in school holidays or public holidays
NSW,City of Sydney,Rhythm n Bubs,baby,"This weekly experience is led by a team of passionate music educators from Mini Musica, Angie Who and the team at Cheeky Tunes, showcasing a range of musical performances inclusive to all. Explore the world of sound through playful activities, catchy tunes, and rhythmic adventures. From sing-alongs that spark imagination to hands-on percussion play, every session is crafted to inspire a love for music",1 - 5 years,Wednesday 2 October to Wednesday 26 March 2025,10:30am - 11:15am,Darling Quarter,"1-11 Harbour St, Sydney NSW 2000 Playground Lawn (behind the Children's Playground), Darling Quarter. Wet weather: ARA Darling Quarter Theatre",AEDT,Not available in school holidays or public holidays
NSW,City of Sydney,Story Time,teddy_book,Storytime is a fun interactive session of storytelling for 3-5 year olds and their carers. The program fosters a love of reading and helps develop important early literacy skills and social interaction in readiness for school.,3 - 5 years,Wednesday,11:30am - 12:00pm,Surry Hills Neighbourhood Centre,"405 Crown Street, Surry Hills NSW 2010",AEDT,Not available in school holidays or public holidays
NSW,City of Sydney,Bilingual Story Time,teddy_book,"Bilingual Storytime is a fun interactive session of storytelling for 3 to 5 year olds and their carers. Stories, songs and rhymes spoken in English and Mandarin support early literacy development, nurture Mandarin knowledge and provide a wonderful cultural exchange.",3 - 5 years,Wednesday,11:30am - 12:00pm,Darling Square Library,"Levels 1 and 2, The Exchange, 1 Little Pier Street, Haymarket NSW 2000",AEDT,Not available in school holidays or public holidays
NSW,City of Sydney,Rhyme Time,baby,Rhymetime is a fun interactive session of singing and rhymes for 0-2 years. The program fosters a love of reading and helps develop important early literacy skills and social interaction.,0 - 2 years,Thursday,10:30am - 10:50am,Glebe Library,"186-194 Glebe Point Rd, Glebe NSW 2037, Australia",AEDT,Not available in school holidays or public holidays
NSW,City of Sydney,Story Time,teddy_book,Storytime is a fun interactive session of storytelling for 3-5year olds and their carers. The program fosters a love of reading and helps develop important early literacy skills and social interaction in readiness for school.,3 - 5 years,Thursday,11:30am - 12:00pm,Green Square Library,"355 Botany Road, Zetland NSW 2017",AEDT,Not available in school holidays or public holidays
NSW,City of Sydney,Rhyme Time,baby,Rhymetime is a fun interactive session of singing and rhymes for 0-2 years. The program fosters a love of reading and helps develop important early literacy skills and social interaction.,0 - 2 years,Thursday,"10:15am - 10:35am
11:00am - 11:20am",Green Square Library,"355 Botany Road, Zetland NSW 2017",AEDT,Not available in school holidays or public holidays
NSW,City of Sydney,Story Time,teddy_book,Storytime is a fun interactive session of storytelling for 3-5year olds and their carers. The program fosters a love of reading and helps develop important early literacy skills and social interaction in readiness for school.,3 - 5 years,Thursday,11:30am - 12:00pm,Glebe Library,"186-194 Glebe Point Rd, Glebe NSW 2037, Australia",AEDT,Not available in school holidays or public holidays
NSW,City of Sydney,Balance Bike Clinics,?,"Kids start on balance bikes and once confident, can move onto pedal bikes. This is an interactive class designed to get parents involved in their children’s learning. Suitable for children aged 3 to 8 years. Bikes and helmets are provided, or you can bring your own. No bookings required.",3 - 8 years,Saturday,9:00am - 11:00am,Sydney Park Cycling Centre,"410-416 Sydney Park Road, Alexandria NSW 2015",AEDT,Not available in school holidays or public holidays
NSW,City of Sydney,Auslan and English Story Time,teddy_book,"Join our storytime in Auslan and English, presented by our library team and Deaf Connect at Glebe Library. Storytime is a fun session of storytelling for preschoolers. The program fosters an early love of reading and helps develop literacy skills and social interaction in readiness for school. This session is suitable for deaf and hearing children, ages 3 to 5 years.",3 - 5 years,Saturday,11:30am - 12:00pm,Glebe Library,"186-194 Glebe Point Rd, Glebe NSW 2037, Australia",AEDT,Not available in school holidays or public holidays
NSW,Inner West ,Story Time,teddy_book,"We read stories and rhymes to encourage a love of books and a desire to learn to read. These sessions support pre-schoolers with listening and language skills, and being comfortable as part of a group in a fun and engaging way. No bookings required.",3 - 5 years,Tuesday,10:30am - 11:00am,Emanuel Tsardoulias Community Library,"362-372 New Canterbury Road, Dulwich Hill NSW 2203",AEDT,Not available in school holidays or public holidays
NSW,Inner West ,Story Time,teddy_book,"We read stories and rhymes to encourage a love of books and a desire to learn to read. These sessions support pre-schoolers with listening and language skills, and being comfortable as part of a group in a fun and engaging way. No bookings required.",3 - 5 years,Tuesday,10:30am - 11:00am,Haberfield Library,"78 Dalhousie Street, Haberfield NSW 2045",AEDT,Not available in school holidays or public holidays
NSW,Inner West ,Story Time,teddy_book,"We read stories and rhymes to encourage a love of books and a desire to learn to read. These sessions support pre-schoolers with listening and language skills, and being comfortable as part of a group in a fun and engaging way. No bookings required.",3 - 5 years,Monday,10:30am - 11:00am,Ashfield Library,"Level 3, 260 Liverpool Road, Ashfield NSW 2131",AEDT,Not available in school holidays or public holidays
NSW,Inner West ,Story Time,teddy_book,"We read stories and rhymes to encourage a love of books and a desire to learn to read. These sessions support pre-schoolers with listening and language skills, and being comfortable as part of a group in a fun and engaging way. No bookings required.",3 - 5 years,Wednesday,10:30am - 11:00am,Balmain Library,"370 Darling Street, Balmain NSW 2041",AEDT,Not available in school holidays or public holidays
NSW,Inner West ,Story Time,teddy_book,"We read stories and rhymes to encourage a love of books and a desire to learn to read. These sessions support pre-schoolers with listening and language skills, and being comfortable as part of a group in a fun and engaging way. No bookings required.",3 - 5 years,Monday,10:30am - 11:00am,Leichhardt Library,"Piazza Level, Italian Forum
23 Norton Street, Leichhardt NSW 2040",AEDT,Not available in school holidays or public holidays
NSW,Inner West ,Story Time,teddy_book,"We read stories and rhymes to encourage a love of books and a desire to learn to read. These sessions support pre-schoolers with listening and language skills, and being comfortable as part of a group in a fun and engaging way. No bookings required.",3 - 5 years,Wednesday,10:30am - 11:00am,Marrickville Library and Pavilion,"Patyegarang Place
313 Marrickville Road, Marrickville NSW 2204",AEDT,Not available in school holidays or public holidays
NSW,Inner West ,Story Time,teddy_book,"We read stories and rhymes to encourage a love of books and a desire to learn to read. These sessions support pre-schoolers with listening and language skills, and being comfortable as part of a group in a fun and engaging way. No bookings required.",3 - 5 years,Friday,10:30am - 11:00am,St Peters / Sydenham Library,"39 Unwins Bridge Road, Sydenhamn NSW 2044",AEDT,Not available in school holidays or public holidays
NSW,Inner West ,Story Time,teddy_book,"We read stories and rhymes to encourage a love of books and a desire to learn to read. These sessions support pre-schoolers with listening and language skills, and being comfortable as part of a group in a fun and engaging way. No bookings required.",3 - 5 years,Friday,10:30am - 11:00am,Stanmore Library,"Stanmore Reserve, Douglas Street, Stanmore NSW 2048",AEDT,Not available in school holidays or public holidays
NSW,Inner West ,Book Buddies,music_book,"Suitable for ages 0-2 years.
Introduce babies and carers to the fun and enjoyment of rhythm and nursery rhymes.",0 - 2 years,Wednesday,10:30am - 11:00am,Ashfield Library,"Level 3, 260 Liverpool Road, Ashfield NSW 2131",AEDT,Not available in school holidays or public holidays
NSW,Inner West ,Book Buddies,music_book,"Suitable for ages 0-2 years.
Introduce babies and carers to the fun and enjoyment of rhythm and nursery rhymes.",0 - 2 years,Friday,10:30am - 11:00am,Ashfield Library,"Level 3, 260 Liverpool Road, Ashfield NSW 2131",AEDT,Not available in school holidays or public holidays
NSW,Inner West ,Book Buddies,music_book,"Suitable for ages 0-2 years.
Introduce babies and carers to the fun and enjoyment of rhythm and nursery rhymes.",0 - 2 years,Tuesday,10:30am - 11:00am,Balmain Library,"370 Darling Street, Balmain NSW 2041",AEDT,Not available in school holidays or public holidays
NSW,Inner West ,Book Buddies,music_book,"Suitable for ages 0-2 years.
Introduce babies and carers to the fun and enjoyment of rhythm and nursery rhymes.",0 - 2 years,Friday,10:30am - 11:00am,Balmain Library,"370 Darling Street, Balmain NSW 2041",AEDT,Not available in school holidays or public holidays
NSW,Inner West ,Book Buddies,music_book,"Suitable for ages 0-2 years.
Introduce babies and carers to the fun and enjoyment of rhythm and nursery rhymes.",0 - 2 years,Monday,10:30am - 11:00am,Emanuel Tsardoulias Community Library,"362-372 New Canterbury Road, Dulwich Hill NSW 2203",AEDT,Not available in school holidays or public holidays
NSW,Inner West ,Book Buddies,music_book,"Suitable for ages 0-2 years.
Introduce babies and carers to the fun and enjoyment of rhythm and nursery rhymes.",0 - 2 years,Wednesday,10:30am - 11:00am,Haberfield Library,"78 Dalhousie Street, Haberfield NSW 2045",AEDT,Not available in school holidays or public holidays
NSW,Inner West ,Book Buddies,music_book,"Suitable for ages 0-2 years.
Introduce babies and carers to the fun and enjoyment of rhythm and nursery rhymes.",0 - 2 years,Tuesday,10:30am - 11:00am,Leichhardt Library,"Piazza Level, Italian Forum
23 Norton Street, Leichhardt NSW 2040",AEDT,Not available in school holidays or public holidays
NSW,Inner West ,Book Buddies,music_book,"Suitable for ages 0-2 years.
Introduce babies and carers to the fun and enjoyment of rhythm and nursery rhymes.",0 - 2 years,Thursday,10:30am - 11:00am,Leichhardt Library,"Piazza Level, Italian Forum
23 Norton Street, Leichhardt NSW 2040",AEDT,Not available in school holidays or public holidays
NSW,Inner West ,Book Buddies,music_book,"Suitable for ages 0-2 years.
Introduce babies and carers to the fun and enjoyment of rhythm and nursery rhymes.",0 - 2 years,Monday,10:30am - 11:00am,Marrickville Library and Pavilion,"Patyegarang Place
313 Marrickville Road, Marrickville NSW 2204",AEDT,Not available in school holidays or public holidays
NSW,Inner West ,Book Buddies,music_book,"Suitable for ages 0-2 years.
Introduce babies and carers to the fun and enjoyment of rhythm and nursery rhymes.",0 - 2 years,Thursday,10:30am - 11:00am,Marrickville Library and Pavilion,"Patyegarang Place
313 Marrickville Road, Marrickville NSW 2204",AEDT,Not available in school holidays or public holidays
NSW,Inner West ,Book Buddies,music_book,"Suitable for ages 0-2 years.
Introduce babies and carers to the fun and enjoyment of rhythm and nursery rhymes.",0 - 2 years,Tuesday,10:30am - 11:00am,St Peters / Sydenham Library,"39 Unwins Bridge Road, Sydenhamn NSW 2044",AEDT,Not available in school holidays or public holidays
NSW,Inner West ,Book Buddies,music_book,"Suitable for ages 0-2 years.
Introduce babies and carers to the fun and enjoyment of rhythm and nursery rhymes.",0 - 2 years,Wednesday,10:30am - 11:00am,Stanmore Library,"Stanmore Reserve, Douglas Street, Stanmore NSW 2048",AEDT,Not available in school holidays or public holidays
NSW,Randwick City Council,Bop 2 Books ,music_book,"Bop 2 Books is a weekly program for children aged between 24 - 36 months. Featuring rhymes, music and stories for young children and their parents or carers every week of the year on Tuesdays, except school holidays and public holidays. Come along and Bop! Bookings essential online (bookings open one week in advance). You must book into each session you wish to attend https://www.eventbrite.com.au/e/802029330317",2 - 3 years,Tuesday,10:30am - 11:00am,Margaret Martin Library,"Level 1, Royal Randwick Shopping Centre, Belmore Road, Randwick NSW 2031",AEDT,Not available in school holidays or public holidays
NSW,Randwick City Council,Story Town,teddy_book,"Come on down to Storytown! We will have a great time reading stories, and doing a creative activity at the library. Each week we will explore a new theme - what will you learn at Storytown? Every child who visits Storytown will be given a special passport which will be stamped at each visit. Collect six stamps to get a book prize! Free. Bookings essential online (bookings open one week in advance) https://www.eventbrite.com.au/e/802135517927",3 - 5 years,Tuesday,11:15am - 11:45am,Margaret Martin Library,"Level 1, Royal Randwick Shopping Centre, Belmore Road, Randwick NSW 2031",AEDT,Not available in school holidays or public holidays
NSW,Randwick City Council,Bop 2 Books ,music_book,"Bop 2 Books is a weekly program for children aged between 24 - 36 months. Featuring rhymes, music and stories for young children and their parents or carers every week of the year on Tuesdays, except school holidays and public holidays. Come along and Bop! Bookings essential online (bookings open one week in advance). You must book into each session you wish to attend https://www.eventbrite.com.au/e/802045077417",2 - 3 years,Wednesday,10:30am - 11:00am,Lionel Bowen Library,"669-673 Anzac Pde, Maroubra NSW 2035",AEDT,Not available in school holidays or public holidays
NSW,Randwick City Council,Story Town,teddy_book,"Come on down to Storytown! We will have a great time reading stories, and doing a creative activity at the library. Each week we will explore a new theme - what will you learn at Storytown? Every child who visits Storytown will be given a special passport which will be stamped at each visit. Collect six stamps to get a book prize! Free. Bookings essential online (bookings open one week in advance) https://www.eventbrite.com.au/e/802240391607",3 - 5 years,Wednesday,11:15am - 11:45am,Lionel Bowen Library,"669-673 Anzac Pde, Maroubra NSW 2035",AEDT,Not available in school holidays or public holidays
NSW,Randwick City Council,Come and Play in Maroubra ,blocks,"Make a play date with the library. Drop in at any time throughout the session to enjoy lots of toys, games, learning and fun!",0 - 5 years,"1st Friday of the month, until Dec 6, 2024",10:00am - 12:00pm,Lionel Bowen Library,"669-673 Anzac Pde, Maroubra NSW 2035",AEDT,Not available in school holidays or public holidays
NSW,Randwick City Council,Tinker Time,?,"Come along and Tinker! Get ready to dive into hands-on, self-guided STEM fun. Explore a variety of exciting stations packed with creative challenges and sensory-rich construction activities. Unleash your creativity—build, explore, and experiment your way! Bookings essential online https://www.eventbrite.com.au/e/1021350746577",5 - 8 years,"Every 2 weeks on Wednesday, until Dec 11, 2024",4:00pm - 5:00pm,Lionel Bowen Library,"669-673 Anzac Pde, Maroubra NSW 2035",AEDT,Not available in school holidays or public holidays
NSW,Randwick City Council,Babies Love Books,music_book,Come along to sing songs and listen to stories with your baby! Bookings essential online (bookings open one week in advance) https://www.eventbrite.com.au/e/802130753677,0 years ,Friday,10:00am - 10:30am,Margaret Martin Library,"Level 1, Royal Randwick Shopping Centre, Belmore Road, Randwick NSW 2031",AEDT,Not available in school holidays or public holidays
NSW,Randwick City Council,Busy Book Worms,music_book,"Bring your busy little bookworm to our supportive and playful learning space where they will have a happy time developing language skills through songs, movement and stories! Bookings essential online (bookings open one week in advance) https://www.eventbrite.com.au/e/800454229147   ",1 - 2 years,Friday,10:45am - 11:15am,Margaret Martin Library,"Level 1, Royal Randwick Shopping Centre, Belmore Road, Randwick NSW 2031",AEDT,Not available in school holidays or public holidays
NSW,Randwick City Council,Russian Rhyme Time | Poteshka,baby,"Russian Rhyme Time is a monthly program for children between 0-5 years. Children can enjoy music, rhymes and stories in Russian every month of the year, except on public holidays. Bookings essential online for each session https://www.eventbrite.com.au/e/847860512617  ",0 - 5 years,Friday,11:30am - 12:00pm,Margaret Martin Library,"Level 1, Royal Randwick Shopping Centre, Belmore Road, Randwick NSW 2031",AEDT,Not available in school holidays or public holidays
NSW,Randwick City Council,Saturday Story Time,teddy_book,"Rhymes, music and stories for young children between 0-5 years and their parents or carers, running every week.",0 - 5 years,Saturday,10:30am - 11:00am,Malabar Community Library,"1203 Anzac Parade, Matraville NSW 2036",AEDT,Not available in school holidays or public holidays
NSW,Randwick City Council,Sensory Story Time,teddy_book,"Join us for a fun and interactive storytime with books, songs, movement and therapeutic sensory play within a small group setting. Sensory Storytime is an inclusive early literacy and social play program aimed at autistic children and children with sensory processing differences. Bookings essential online (bookings open one month in advance) https://www.eventbrite.com.au/e/784152891407 ",2 - 5 years,Tuesday,10:30am - 11:30am,Lionel Bowen Library,"669-673 Anzac Pde, Maroubra NSW 2035",AEDT,Not available in school holidays or public holidays
NSW,Randwick City Council,Sing Along in Cantonese,baby,"A monthly early literacy program for children 0-5 years. Enjoy songs, rhymes and storytelling in Cantonese. Bookings are essential https://www.eventbrite.com.au/e/795741563437 ",0 - 5 years,"Every month on the 1st Wednesday of the month, until Dec 4, 2024",10:00am - 10:30am,Lionel Bowen Library,"669-673 Anzac Pde, Maroubra NSW 2035",AEDT,Not available in school holidays or public holidays
NSW,Randwick City Council,Babies Love Books in French - Les Bébés Aiment Les Livres,baby,"A monthly program for children 0-5 years. Enjoy music, rhymes and stories in French language. Bookings essential https://www.eventbrite.com.au/e/829751829057 ",0 - 5 years,"Every month on the 1st Wednesday of the month, until Dec 4, 2024",10:45am - 11:15am,Lionel Bowen Library,"669-673 Anzac Pde, Maroubra NSW 2035",AEDT,Not available in school holidays or public holidays
NSW,Bayside Council,Baby Rhyme Time,baby,30 minutes of songs and rhymes for children aged 0-18 months. ,0 - 1.5 years,Tuesday,10:30am - 11:00am,Arncliffe Library,"11 Firth St, Arncliffe NSW 2205",AEDT,Not available in school holidays or public holidays
NSW,Bayside Council,Toddler Time,baby,"30 minutes of songs, games and stories for toddlers up to age 3. ",1.5 - 3 years,Wednesday,10:30am - 11:00am,Arncliffe Library,"11 Firth St, Arncliffe NSW 2205",AEDT,Not available in school holidays or public holidays
NSW,Bayside Council,Story Time,teddy_book,"45 minutes of stories, songs and craft for pre-schoolers aged 3-5.",3 - 5 years,Thursday,10:30am - 11:00am,Arncliffe Library,"11 Firth St, Arncliffe NSW 2205",AEDT,Not available in school holidays or public holidays
NSW,Bayside Council,Baby Rhyme Time,baby,30 minutes of songs and rhymes for children aged 0-18 months. ,0 - 1.5 years,Wednesday,10:30am - 11:00am,Bexley North Library,"24 Shaw St, Bexley North NSW 2207",AEDT,Not available in school holidays or public holidays
NSW,Bayside Council,Toddler Time,baby,"30 minutes of songs, games and stories for toddlers up to age 3. ",1.5 - 3 years,Thursday,10:30am - 11:00am,Bexley North Library,"24 Shaw St, Bexley North NSW 2207",AEDT,Not available in school holidays or public holidays
NSW,Bayside Council,Story Time,teddy_book,"45 minutes of stories, songs and craft for pre-schoolers aged 3-5.",3 - 5 years,Tuesday,10:30am - 11:00am,Bexley North Library,"24 Shaw St, Bexley North NSW 2207",AEDT,Not available in school holidays or public holidays
NSW,Bayside Council,Baby Rhyme Time,baby,30 minutes of songs and rhymes for children aged 0-18 months. Bookings essential https://www.eventbrite.com.au/o/bayside-library-official-2668312348 ,0 - 1.5 years,Thursday,10:30am - 11:00am,Eastgardens Library,"152 Bunnerong Rd, Eastgardens NSW 2036",AEDT,Not available in school holidays or public holidays
NSW,Bayside Council,Toddler Time,baby,"30 minutes of songs, games and stories for toddlers up to age 3. Bookings essential https://www.eventbrite.com.au/o/bayside-library-official-2668312348",1.5 - 3 years,Tuesday,10:30am - 11:00am,Eastgardens Library,"152 Bunnerong Rd, Eastgardens NSW 2036",AEDT,Not available in school holidays or public holidays
NSW,Bayside Council,Story Time,,"45 minutes of stories, songs and craft for pre-schoolers aged 3-5. Bookings essential https://www.eventbrite.com.au/o/bayside-library-official-2668312348",3 - 5 years,Wednesday,10:30am - 11:00am,Eastgardens Library,"152 Bunnerong Rd, Eastgardens NSW 2036",AEDT,Not available in school holidays or public holidays
NSW,Bayside Council,Baby Rhyme Time,baby,30 minutes of songs and rhymes for children aged 0-18 months. ,0 - 1.5 years,Thursday,10:30am - 11:00am,Mascot Library,"2 Hatfield St, Mascot NSW 2020",AEDT,Not available in school holidays or public holidays
NSW,Bayside Council,Toddler Time,baby,"30 minutes of songs, games and stories for toddlers up to age 3. ",1.5 - 3 years,Tuesday,10:30am - 11:00am,Mascot Library,"2 Hatfield St, Mascot NSW 2020",AEDT,Not available in school holidays or public holidays
NSW,Bayside Council,Story Time,teddy_book,"45 minutes of stories, songs and craft for pre-schoolers aged 3-5.",3 - 5 years,Wednesday,10:30am - 11:00am,Mascot Library,"2 Hatfield St, Mascot NSW 2020",AEDT,Not available in school holidays or public holidays
NSW,Bayside Council,Baby Rhyme Time,baby,30 minutes of songs and rhymes for children aged 0-18 months. ,0 - 1.5 years,Thursday,10:30am - 11:00am,Sans Souci Library,"104 Russell Ave, Sans Souci NSW 2219",AEDT,Not available in school holidays or public holidays
NSW,Bayside Council,Toddler Time,baby,"30 minutes of songs, games and stories for toddlers up to age 3. ",1.5 - 3 years,Tuesday,10:30am - 11:00am,Sans Souci Library,"104 Russell Ave, Sans Souci NSW 2219",AEDT,Not available in school holidays or public holidays
NSW,Bayside Council,Story Time,teddy_book,"45 minutes of stories, songs and craft for pre-schoolers aged 3-5.",3 - 5 years,Wednesday,10:30am - 11:00am,Sans Souci Library,"104 Russell Ave, Sans Souci NSW 2219",AEDT,Not available in school holidays or public holidays
NSW,Bayside Council,Baby Rhyme Time,baby,30 minutes of songs and rhymes for children aged 0-18 months. Bookings essential https://www.eventbrite.com.au/o/bayside-library-official-2668312348 ,0 - 1.5 years,Wednesday,10:30am - 11:00am,Rockdale Library,"444/446 Princes Hwy, Rockdale NSW 2216",AEDT,Not available in school holidays or public holidays
NSW,Bayside Council,Toddler Time,baby,"30 minutes of songs, games and stories for toddlers up to age 3. Bookings essential https://www.eventbrite.com.au/o/bayside-library-official-2668312348",1.5 - 3 years,Thursday,10:30am - 11:00am,Rockdale Library,"444/446 Princes Hwy, Rockdale NSW 2216",AEDT,Not available in school holidays or public holidays
NSW,Bayside Council,Story Time,teddy_book,"45 minutes of stories, songs and craft for pre-schoolers aged 3-5. Bookings essential https://www.eventbrite.com.au/o/bayside-library-official-2668312348",3 - 5 years,Tuesday,10:30am - 11:00am,Rockdale Library,"444/446 Princes Hwy, Rockdale NSW 2216",AEDT,Not available in school holidays or public holidays
NSW,Canterbury-Bankstown Council,Preschool Story Time,teddy_book,"These sessions are in English and include stories, songs and activities aimed at encouraging literacy and a love of reading from an early age. Booking required on the day from 9:30am",3 - 5 years,Thursday,11:00am - 12:00pm,Bankstown Library and Knowledge Centre,"80 Rickard Road, Bankstown NSW 2200",AEDT,Not available in school holidays or public holidays
NSW,Canterbury-Bankstown Council,Preschool Story Time,teddy_book,"These sessions are in English and include stories, songs and activities aimed at encouraging literacy and a love of reading from an early age.  No bookings required.",3 - 5 years,Thursday,11:00am - 12:00pm,Campsie Library and Knowledge Centre,"14/28 Amy Street, Campsie NSW 2194",AEDT,Not available in school holidays or public holidays
NSW,Canterbury-Bankstown Council,Preschool Story Time,teddy_book,"These sessions are in English and include stories, songs and activities aimed at encouraging literacy and a love of reading from an early age. Booking required on the day from 9:30am",2 - 5 years,Tuesday,11:00am - 12:00pm,Chester Hill Library and Knowledge Centre,"12 Chester Hill Road, Chester Hill NSW 2162",AEDT,Not available in school holidays or public holidays
NSW,Canterbury-Bankstown Council,Preschool Story Time,teddy_book,"These sessions are in English and include stories, songs and activities aimed at encouraging literacy and a love of reading from an early age.  No bookings required.",2 - 5 years,Wednesday,10:30am - 11:30am,Earlwood Library and Knowledge Centre,"Corner William Street &, Homer Street, Earlwood NSW 2206",AEDT,Not available in school holidays or public holidays
NSW,Canterbury-Bankstown Council,Preschool Story Time,teddy_book,"These sessions are in English and include stories, songs and activities aimed at encouraging literacy and a love of reading from an early age.  No bookings required.",2 - 5 years,Thursday,11:00am - 12:00pm,Greenacre Library and Knowledge Centre,"Community Pl, Greenacre NSW 2190",AEDT,Not available in school holidays or public holidays
NSW,Canterbury-Bankstown Council,Preschool Story Time,teddy_book,"These sessions are in English and include stories, songs and activities aimed at encouraging literacy and a love of reading from an early age.  No bookings required.",2 - 5 years,Wednesday,11:00am - 12:00pm,Lakemba Library and Knowledge Centre,"62 The Boulevarde, Lakemba NSW 2195",AEDT,Not available in school holidays or public holidays
NSW,Canterbury-Bankstown Council,Preschool Story Time,teddy_book,"These sessions are in English and include stories, songs and activities aimed at encouraging literacy and a love of reading from an early age. Booking required on the day from 9:30am",2 - 5 years,Tuesdays and Thursday,11:00am - 12:00pm,Padstow Library and Knowledge Centre,"132 Cahors Road, Padstow NSW 2211",AEDT,Not available in school holidays or public holidays
NSW,Canterbury-Bankstown Council,Preschool Story Time,teddy_book,"These sessions are in English and include stories, songs and activities aimed at encouraging literacy and a love of reading from an early age. Booking required on the day from 9:30am",2 - 5 years,Tuesdays and Thursday,11:00am - 12:00pm,Panania Library and Knowledge Centre,"Cnr Tower Street &, Anderson Ave, Panania NSW 2213",AEDT,Not available in school holidays or public holidays
NSW,Canterbury-Bankstown Council,Preschool Story Time,teddy_book,"These sessions are in English and include stories, songs and activities aimed at encouraging literacy and a love of reading from an early age.  No bookings required.",2 - 5 years,Wednesday,10:00am - 11:00am,Riverwood Library and Knowledge Centre,"80 Kentucky Road, Riverwood NSW 2210",AEDT,Not available in school holidays or public holidays
NSW,Canterbury-Bankstown Council,Preschool Story Time in Arabic,teddy_book,"Join in the fun and introduce your child to the joys of stories in your language. Session activities include stories, singing and craft",2 - 5 years,Second Wednesday of the month,10:30am - 11:30am,Greenacre Library and Knowledge Centre,"Community Place, Greenacre NSW 2190",AEDT,Not available in school holidays or public holidays
NSW,Canterbury-Bankstown Council,Preschool Story Time in Chinese,teddy_book,"Join in the fun and introduce your child to the joys of stories in your language. Session activities include stories, singing and craft",2 - 5 years,Tuesday,10:15am - 11:15am,Campsie Library and Knowledge Centre,"14/28 Amy Street, Campsie NSW 2194",AEDT,Not available in school holidays or public holidays
NSW,Canterbury-Bankstown Council,Preschool Story Time in Nepali,teddy_book,"Come and enjoy Nepali stories, fun activities, and the chance to dive into Nepali culture. It’s going to be a fun and enjoyable time for everyone!",2 - 5 years,Fortinghtly on Mondays,10:00am - 10:30am,Campsie Library and Knowledge Centre,"14/28 Amy Street, Campsie NSW 2194",AEDT,Not available in school holidays or public holidays
NSW,Canterbury-Bankstown Council,Toddler Time,baby,"Sessions include stories, dancing and songs.",1.5 - 3 years,Wednesday,10:00am - 11:00am,Bankstown Library and Knowledge Centre,"80 Rickard Road, Bankstown NSW 2200",AEDT,Not available in school holidays or public holidays
NSW,Canterbury-Bankstown Council,Toddler Time,baby,"Sessions include stories, dancing and songs.",1.5 - 3 years,Wednesday,11:00am - 11:30am,Campsie Library and Knowledge Centre,"14/28 Amy Street, Campsie NSW 2194",AEDT,Not available in school holidays or public holidays
NSW,Canterbury-Bankstown Council,Toddler Time,baby,"Sessions include stories, dancing and songs.",1.5 - 3 years,Thursday,9:45am - 10:15am,Campsie Library and Knowledge Centre,"14/28 Amy Street, Campsie NSW 2194",AEDT,Not available in school holidays or public holidays
NSW,Canterbury-Bankstown Council,Toddler Time,baby,"Sessions include stories, dancing and songs.",1.5 - 3 years,Thursday,10:00am - 11:00am,Riverwood Library and Knowledge Centre,"80 Kentucky Road, Riverwood NSW 2210",AEDT,Not available in school holidays or public holidays
NSW,Canterbury-Bankstown Council,Baby Rhyme Time,baby,"Babies can have fun and develop language with songs, rhymes and stories and meet other babies!",0.5 - 1.5 years,Tuesday,"10:00am - 10:30am
11:00am - 11:30am",Bankstown Library and Knowledge Centre,"80 Rickard Road, Bankstown NSW 2200",AEDT,Not available in school holidays or public holidays
NSW,Canterbury-Bankstown Council,Baby Rhyme Time,baby,"Babies can have fun and develop language with songs, rhymes and stories and meet other babies!",0.5 - 1.5 years,Wednesday,9:45am - 10:15am,Campsie Library and Knowledge Centre,"14/28 Amy Street, Campsie NSW 2194",AEDT,Not available in school holidays or public holidays
NSW,Canterbury-Bankstown Council,Baby Rhyme Time,baby,"Babies can have fun and develop language with songs, rhymes and stories and meet other babies! Bookings required: Bookings taken by phone from 9.30am on Mondays (​9707 9740)",0.5 - 2 years,Thursday,"10:00am - 10:30am
11:00am - 11:30am",Chester Hill Library and Knowledge Centre,"12 Chester Hill Road, Chester Hill NSW 2162",AEDT,Not available in school holidays or public holidays
NSW,Canterbury-Bankstown Council,Baby Rhyme Time,baby,"Babies can have fun and develop language with songs, rhymes and stories and meet other babies!",0.5 - 2 years,Wednesday,9:30am - 10:00am,Earlwood Library and Knowledge Centre,"Corner William Street &, Homer Street, Earlwood NSW 2206",AEDT,Not available in school holidays or public holidays
NSW,Canterbury-Bankstown Council,Baby Rhyme Time,baby,"Babies can have fun and develop language with songs, rhymes and stories and meet other babies! Bookings required",0.5 - 2 years,Tuesday,10:00am - 10:30am,Greenacre Library and Knowledge Centre,"Community Place, Greenacre NSW 2190",AEDT,Not available in school holidays or public holidays
NSW,Canterbury-Bankstown Council,Baby Rhyme Time,baby,"Babies can have fun and develop language with songs, rhymes and stories and meet other babies! ",0.5 - 2 years,Tuesday,11:00am - 11:30am,Lakemba Library and Knowledge Centre,"62 The Boulevarde, Lakemba NSW 2195",AEDT,Not available in school holidays or public holidays
NSW,Canterbury-Bankstown Council,Baby Rhyme Time,baby,"Babies can have fun and develop language with songs, rhymes and stories and meet other babies! ",0.5 - 2 years,Friday,10:00am - 10:30am,Padstow Library and Knowledge Centre,"132 Cahors Road, Padstow NSW 2211",AEDT,Not available in school holidays or public holidays
NSW,Canterbury-Bankstown Council,Baby Rhyme Time,baby,"Babies can have fun and develop language with songs, rhymes and stories and meet other babies!  Bookings required on the day from 9:30am",0.5 - 2 years,Wednesday,"10:00am - 10:30am
11:00am - 11:30am",Panania Library and Knowledge Centre,"Cnr Tower Street &, Anderson Ave, Panania NSW 2213",AEDT,Not available in school holidays or public holidays
NSW,Canterbury-Bankstown Council,Baby Rhyme Time,baby,"Babies can have fun and develop language with songs, rhymes and stories and meet other babies!  Bookings required on the day from 9:30am",0.5 - 2 years,Friday,10:00am - 10:30am,Panania Library and Knowledge Centre,"Cnr Tower Street &, Anderson Ave, Panania NSW 2213",AEDT,Not available in school holidays or public holidays
NSW,Canterbury-Bankstown Council,Baby Rhyme Time,baby,"Babies can have fun and develop language with songs, rhymes and stories and meet other babies! ",0 - 2 years,Tuesday,10:00am - 10:30am,Riverwood Library and Knowledge Centre,"80 Kentucky Road, Riverwood NSW 2210",AEDT,Not available in school holidays or public holidays
NSW,Canterbury-Bankstown Council,Get Ready for Big School,?,"Our exciting new sessions will bring children and parents together to develop the required language, number and motor skills to enable them to confidently adapt to the classroom environment.

'Get Ready for Big School' works in alignment with NSW Department of Education's transition to school guidelines. Grown-ups work with their child to learn and practice the skills needed to begin kindergarten and prepare them for classroom expectations. 

Bookings are required and must be made on the day of the program by calling the participating libraries from 9.30am onward.",4 - 5 years,Wednesday,11:00am - 12:00pm,Bankstown Library and Knowledge Centre,"80 Rickard Road, Bankstown NSW 2200",AEDT,Not available in school holidays or public holidays
NSW,Canterbury-Bankstown Council,Get Ready for Big School,?,"Our exciting new sessions will bring children and parents together to develop the required language, number and motor skills to enable them to confidently adapt to the classroom environment.

'Get Ready for Big School' works in alignment with NSW Department of Education's transition to school guidelines. Grown-ups work with their child to learn and practice the skills needed to begin kindergarten and prepare them for classroom expectations. 

Bookings are required and must be made on the day of the program by calling the participating libraries from 9.30am onward.",4 - 5 years,Wednesday,11:00am - 12:00pm,Chester Hill Library and Knowledge Centre,"12 Chester Hill Road, Chester Hill NSW 2162",AEDT,Not available in school holidays or public holidays
NSW,Canterbury-Bankstown Council,Get Ready for Big School,?,"Our exciting new sessions will bring children and parents together to develop the required language, number and motor skills to enable them to confidently adapt to the classroom environment.

'Get Ready for Big School' works in alignment with NSW Department of Education's transition to school guidelines. Grown-ups work with their child to learn and practice the skills needed to begin kindergarten and prepare them for classroom expectations. 

Bookings are required and must be made on the day of the program by calling the participating libraries from 9.30am onward.",4 - 5 years,Thursday,10:00am - 11:00am,Earlwood Library and Knowledge Centre,"Corner William Street &, Homer Street, Earlwood NSW 2206",AEDT,Not available in school holidays or public holidays
NSW,Canterbury-Bankstown Council,Get Ready for Big School,?,"Our exciting new sessions will bring children and parents together to develop the required language, number and motor skills to enable them to confidently adapt to the classroom environment.

'Get Ready for Big School' works in alignment with NSW Department of Education's transition to school guidelines. Grown-ups work with their child to learn and practice the skills needed to begin kindergarten and prepare them for classroom expectations. 

No bookings required.",4 - 5 years,Monday,11:00am - 12:00pm,Lakemba Library and Knowledge Centre,"62 The Boulevarde, Lakemba NSW 2195",AEDT,Not available in school holidays or public holidays
NSW,Canterbury-Bankstown Council,Get Ready for Big School,?,"Our exciting new sessions will bring children and parents together to develop the required language, number and motor skills to enable them to confidently adapt to the classroom environment.

'Get Ready for Big School' works in alignment with NSW Department of Education's transition to school guidelines. Grown-ups work with their child to learn and practice the skills needed to begin kindergarten and prepare them for classroom expectations. 

Bookings are required and must be made on the day of the program by calling the participating libraries from 9.30am onward.",4 - 5 years,Friday,11:00am - 12:00pm,Panania Library and Knowledge Centre,"Cnr Tower Street &, Anderson Ave, Panania NSW 2213",AEDT,Not available in school holidays or public holidays
NSW,Canterbury-Bankstown Council,Get Ready for Big School,?,"Our exciting new sessions will bring children and parents together to develop the required language, number and motor skills to enable them to confidently adapt to the classroom environment.

'Get Ready for Big School' works in alignment with NSW Department of Education's transition to school guidelines. Grown-ups work with their child to learn and practice the skills needed to begin kindergarten and prepare them for classroom expectations. 

No bookings required.",4 - 5 years,Monday,11:00am - 12:00pm,Riverwood Library and Knowledge Centre,"80 Kentucky Road, Riverwood NSW 2210",AEDT,Not available in school holidays or public holidays
NSW,Northern Beaches Council,Baby Bounce,music_book,This is a lap-sit program specifically designed for carers and babies up to around 12 months of age. Learn songs and rhymes in a group setting that you can use at home with bub to help develop early literacy skills.,0 - 1 years,Tuesday,10:00am - 10:30am,Forestville Library,"6 Darley St, Forestville NSW 2087",AEDT,Not available in school holidays or public holidays
NSW,Northern Beaches Council,Baby Bounce,music_book,This is a lap-sit program specifically designed for carers and babies up to around 12 months of age. Learn songs and rhymes in a group setting that you can use at home with bub to help develop early literacy skills.,0 - 1 years,Tuesday,10:00am - 10:30am,Warringah Mall Library,"Shop 650/145 Old Pittwater Rd, Brookvale NSW 2100",AEDT,Not available in school holidays or public holidays
NSW,Northern Beaches Council,Baby Bounce,music_book,"This is a lap-sit program specifically designed for carers and babies up to around 12 months of age. Learn songs and rhymes in a group setting that you can use at home with bub to help develop early literacy skills. When attending a session at Manly Library, remember to collect a free ticket from the front counter to secure your spot. ",0 - 1 years,Wednesday,"10:00am - 10:30am
10:30am - 11:00am",Manly Library,"1 Market Ln, Manly NSW 2095",AEDT,Not available in school holidays or public holidays
NSW,Northern Beaches Council,Baby Bounce,music_book,This is a lap-sit program specifically designed for carers and babies up to around 12 months of age. Learn songs and rhymes in a group setting that you can use at home with bub to help develop early literacy skills.,0 - 1 years,Wednesday,10:00am - 10:30am,Mona Vale Library,"1 Park St, Mona Vale NSW 2103",AEDT,Not available in school holidays or public holidays
NSW,Northern Beaches Council,Baby Bounce,music_book,This is a lap-sit program specifically designed for carers and babies up to around 12 months of age. Learn songs and rhymes in a group setting that you can use at home with bub to help develop early literacy skills.,0 - 1 years,Thursday,10:00am - 10:30am,Dee Why Library,"725 Pittwater Rd, Dee Why NSW 2099",AEDT,Not available in school holidays or public holidays
NSW,Northern Beaches Council,Baby Bounce,music_book,This is a lap-sit program specifically designed for carers and babies up to around 12 months of age. Learn songs and rhymes in a group setting that you can use at home with bub to help develop early literacy skills.,0 - 1 years,Thursday,10:00am - 10:30am,Glen Street Library,"Cnr Glen Street and, Blackbutts Rd, Frenchs Forest NSW 2085",AEDT,Not available in school holidays or public holidays
NSW,Northern Beaches Council,Rhyme Time,baby,"Support your child to develop auditory skills, acquire language and support speech development with our Rhyme Time sessions. When attending a session at Manly Library, remember to collect a free ticket from the front counter to secure your spot. ",1 - 2 years,Monday,"10:00am - 10:30am
10:30am - 11:00am",Manly Library,"1 Market Ln, Manly NSW 2095",AEDT,Not available in school holidays or public holidays
NSW,Northern Beaches Council,Rhyme Time,baby,"Support your child to develop auditory skills, acquire language and support speech development with our Rhyme Time sessions.",1 - 2 years,Tuesday,10:00am - 10:30am,Glen Street Library,"Cnr Glen Street and, Blackbutts Rd, Frenchs Forest NSW 2085",AEDT,Not available in school holidays or public holidays
NSW,Northern Beaches Council,Rhyme Time,baby,"Support your child to develop auditory skills, acquire language and support speech development with our Rhyme Time sessions.",1 - 2 years,Wednesday,10:00am - 10:30am,Forestville Library,"6 Darley St, Forestville NSW 2087",AEDT,Not available in school holidays or public holidays
NSW,Northern Beaches Council,Rhyme Time,baby,"Support your child to develop auditory skills, acquire language and support speech development with our Rhyme Time sessions.",1 - 2 years,Wednesday,10:00am - 10:30am,Warringah Mall Library,"Shop 650/145 Old Pittwater Rd, Brookvale NSW 2100",AEDT,Not available in school holidays or public holidays
NSW,Northern Beaches Council,Rhyme Time,baby,"Support your child to develop auditory skills, acquire language and support speech development with our Rhyme Time sessions.",1 - 2 years,Thursday,10:00am - 10:30am,Mona Vale Library,"1 Park St, Mona Vale NSW 2103",AEDT,Not available in school holidays or public holidays
NSW,Northern Beaches Council,Rhyme Time,baby,"Support your child to develop auditory skills, acquire language and support speech development with our Rhyme Time sessions.",1 - 2 years,Thursday,10:00am - 10:30am,Warringah Mall Library,"Shop 650/145 Old Pittwater Rd, Brookvale NSW 2100",AEDT,Not available in school holidays or public holidays
NSW,Northern Beaches Council,Rhyme Time,baby,"Support your child to develop auditory skills, acquire language and support speech development with our Rhyme Time sessions.",1 - 2 years,Friday,10:00am - 10:30am,Dee Why Library,"725 Pittwater Rd, Dee Why NSW 2099",AEDT,Not available in school holidays or public holidays
NSW,Northern Beaches Council,Rhyme Time,baby,"Support your child to develop auditory skills, acquire language and support speech development with our Rhyme Time sessions.",1 - 2 years,Friday,10:00am - 10:30am,Glen Street Library,"Cnr Glen Street and, Blackbutts Rd, Frenchs Forest NSW 2085",AEDT,Not available in school holidays or public holidays
NSW,Northern Beaches Council,Rhyme Time,baby,"Support your child to develop auditory skills, acquire language and support speech development with our Rhyme Time sessions.",1 - 2 years,Friday,10:00am - 10:30am,Mona Vale Library,"1 Park St, Mona Vale NSW 2103",AEDT,Not available in school holidays or public holidays
NSW,Northern Beaches Council,Rhyme Time,baby,"Support your child to develop auditory skills, acquire language and support speech development with our Rhyme Time sessions. When attending a session at Manly Library, remember to collect a free ticket from the front counter to secure your spot. ",1 - 2 years,Friday,"10:00am - 10:30am
10:30am - 11:00am",Manly Library,"1 Market Ln, Manly NSW 2095",AEDT,Not available in school holidays or public holidays
NSW,Northern Beaches Council,Story Time,teddy_book,"This is an interactive program for carers and children aged 3 years to school age. Enjoy stories, songs and rhymes to help develop early literacy skills.",3 - 5 years,Monday,10:00am - 10:30am,Dee Why Library,"725 Pittwater Rd, Dee Why NSW 2099",AEDT,Not available in school holidays or public holidays
NSW,Northern Beaches Council,Story Time,teddy_book,"This is an interactive program for carers and children aged 3 years to school age. Enjoy stories, songs and rhymes to help develop early literacy skills.",3 - 5 years,Tuesday,10:00am - 10:30am,Dee Why Library,"725 Pittwater Rd, Dee Why NSW 2099",AEDT,Not available in school holidays or public holidays
NSW,Northern Beaches Council,Story Time,teddy_book,"This is an interactive program for carers and children aged 3 years to school age. Enjoy stories, songs and rhymes to help develop early literacy skills. When attending a session at Manly Library, remember to collect a free ticket from the front counter to secure your spot. ",3 - 5 years,Tuesday,10:00am - 10:30am,Manly Library,"1 Market Ln, Manly NSW 2095",AEDT,Not available in school holidays or public holidays
NSW,Northern Beaches Council,Story Time,teddy_book,"This is an interactive program for carers and children aged 3 years to school age. Enjoy stories, songs and rhymes to help develop early literacy skills.",3 - 5 years,Tuesday,10:00am - 10:30am,Mona Vale Library,"1 Park St, Mona Vale NSW 2103",AEDT,Not available in school holidays or public holidays
NSW,Northern Beaches Council,Story Time,teddy_book,"This is an interactive program for carers and children aged 3 years to school age. Enjoy stories, songs and rhymes to help develop early literacy skills.",3 - 5 years,Wednesday,10:00am - 10:30am,Dee Why Library,"725 Pittwater Rd, Dee Why NSW 2099",AEDT,Not available in school holidays or public holidays
NSW,Northern Beaches Council,Story Time,teddy_book,"This is an interactive program for carers and children aged 3 years to school age. Enjoy stories, songs and rhymes to help develop early literacy skills.",3 - 5 years,Wednesday,10:00am - 10:30am,Glen Street Library,"Cnr Glen Street and, Blackbutts Rd, Frenchs Forest NSW 2085",AEDT,Not available in school holidays or public holidays
NSW,Northern Beaches Council,Story Time,teddy_book,"This is an interactive program for carers and children aged 3 years to school age. Enjoy stories, songs and rhymes to help develop early literacy skills.",3 - 5 years,Thursday,10:00am - 10:30am,Forestville Library,"6 Darley St, Forestville NSW 2087",AEDT,Not available in school holidays or public holidays
NSW,Northern Beaches Council,Story Time,teddy_book,"This is an interactive program for carers and children aged 3 years to school age. Enjoy stories, songs and rhymes to help develop early literacy skills. When attending a session at Manly Library, remember to collect a free ticket from the front counter to secure your spot. ",3 - 5 years,Thursday,10:00am - 10:30am,Manly Library,"1 Market Ln, Manly NSW 2095",AEDT,Not available in school holidays or public holidays
NSW,Northern Beaches Council,Story Time,teddy_book,"This is an interactive program for carers and children aged 3 years to school age. Enjoy stories, songs and rhymes to help develop early literacy skills.",3 - 5 years,Thursday,10:30am - 11:00am,Avalon Community Library,"59A Old Barrenjoey Rd, Avalon Beach NSW 2107",AEDT,Not available in school holidays or public holidays
NSW,Northern Beaches Council,Tibetan Story Time,teddy_book,"Enjoy stories, songs, rhymes, and games to support Tibetan language and literacy for children aged 0 - 5 years.",0 - 5 years,Fortnightly on Thursdays,11:00am - 11:30am,Dee Why Library,"725 Pittwater Rd, Dee Why NSW 2099",AEDT,Not available in school holidays or public holidays
NSW,Sutherland Shire Council,Rhyme Time,baby,"Rhymetime is a fun, free and interactive session that helps to promote your child’s early language skills and literacy through simple stories, singing rhymes and finger puppet play.",0 - 2 years,Tuesday,"11:00am - 11:30am
2:00pm - 2:30pm",Sutherland Library,"30/36 Belmont St, Sutherland NSW 2232",AEDT,Not available in school holidays or public holidays
NSW,Sutherland Shire Council,Rhyme Time,baby,"Rhymetime is a fun, free and interactive session that helps to promote your child’s early language skills and literacy through simple stories, singing rhymes and finger puppet play.",0 - 2 years,Wednesday,"11:00am - 11:30am
2:00pm - 2:30pm",Cronulla Library,"Cronulla Central, 38-60 Croydon St, Cronulla NSW 2230",AEDT,Not available in school holidays or public holidays
NSW,Sutherland Shire Council,Rhyme Time,baby,"Rhymetime is a fun, free and interactive session that helps to promote your child’s early language skills and literacy through simple stories, singing rhymes and finger puppet play.",0 - 2 years,Thursday,11:00am - 11:30am,Caringbah Library,"376/376-378 Port Hacking Rd, Caringbah NSW 2229",AEDT,Not available in school holidays or public holidays
NSW,Sutherland Shire Council,Rhyme Time,baby,"Rhymetime is a fun, free and interactive session that helps to promote your child’s early language skills and literacy through simple stories, singing rhymes and finger puppet play.",0 - 2 years,Tuesday,11:00am - 11:30am,Miranda Library,"31 Wandella Rd, Miranda NSW 2228",AEDT,Not available in school holidays or public holidays
NSW,Sutherland Shire Council,Rhyme Time,baby,"Rhymetime is a fun, free and interactive session that helps to promote your child’s early language skills and literacy through simple stories, singing rhymes and finger puppet play.",0 - 2 years,Friday,11:00am - 11:30am,Miranda Library,"31 Wandella Rd, Miranda NSW 2228",AEDT,Not available in school holidays or public holidays
NSW,Sutherland Shire Council,Rhyme Time,baby,"Rhymetime is a fun, free and interactive session that helps to promote your child’s early language skills and literacy through simple stories, singing rhymes and finger puppet play.",0 - 2 years,Friday,11:00am - 11:30am,Menai Library,"Allison Cres, Menai NSW 2234",AEDT,Not available in school holidays or public holidays
NSW,Sutherland Shire Council,Rhyme Time,baby,"Rhymetime is a fun, free and interactive session that helps to promote your child’s early language skills and literacy through simple stories, singing rhymes and finger puppet play.",0 - 2 years,Wednesday,2:00pm - 2:30pm,Engadine Library,"116E Caldarra Ave, Engadine NSW 2233",AEDT,Not available in school holidays or public holidays
NSW,Sutherland Shire Council,Rhyme Time,baby,"Rhymetime is a fun, free and interactive session that helps to promote your child’s early language skills and literacy through simple stories, singing rhymes and finger puppet play.",0 - 2 years,Tuesday,11:00am - 11:30am,Sylvania Library,"Southgate Shopping Centre, Port Hacking Rd, Sylvania NSW 2224",AEDT,Not available in school holidays or public holidays
NSW,Sutherland Shire Council,Together Time,music_book,"Together Time is a fun and engaging program designed to inspire curiosity and develop early literacy skills. Parents and carers are encouraged to interact with their child during the program by singing action songs and rhymes together, and joining others for a shared-book activity.",1.5 - 3 years,Friday,11:00am - 11:30am,Sutherland Library,"30/36 Belmont St, Sutherland NSW 2232",AEDT,Not available in school holidays or public holidays
NSW,Sutherland Shire Council,Together Time,music_book,"Together Time is a fun and engaging program designed to inspire curiosity and develop early literacy skills. Parents and carers are encouraged to interact with their child during the program by singing action songs and rhymes together, and joining others for a shared-book activity.",1.5 - 3 years,Thursday,11:00am - 11:30am,Cronulla Library,"Cronulla Central, 38-60 Croydon St, Cronulla NSW 2230",AEDT,Not available in school holidays or public holidays
NSW,Sutherland Shire Council,Together Time,music_book,"Together Time is a fun and engaging program designed to inspire curiosity and develop early literacy skills. Parents and carers are encouraged to interact with their child during the program by singing action songs and rhymes together, and joining others for a shared-book activity.",1.5 - 3 years,Wednesday,11:00am - 11:30am,Caringbah Library,"376/376-378 Port Hacking Rd, Caringbah NSW 2229",AEDT,Not available in school holidays or public holidays
NSW,Sutherland Shire Council,Together Time,music_book,"Together Time is a fun and engaging program designed to inspire curiosity and develop early literacy skills. Parents and carers are encouraged to interact with their child during the program by singing action songs and rhymes together, and joining others for a shared-book activity.",1.5 - 3 years,Thursday,11:00am - 11:30am,Menai Library,"Allison Cres, Menai NSW 2234",AEDT,Not available in school holidays or public holidays
NSW,Sutherland Shire Council,Together Time,music_book,"Together Time is a fun and engaging program designed to inspire curiosity and develop early literacy skills. Parents and carers are encouraged to interact with their child during the program by singing action songs and rhymes together, and joining others for a shared-book activity.",1.5 - 3 years,Wednesday,11:00am - 11:30am,Engadine Library,"116E Caldarra Ave, Engadine NSW 2233",AEDT,Not available in school holidays or public holidays
NSW,Sutherland Shire Council,Story Time,teddy_book,"Storytime is a fun way to learn new skills and discover new concepts through books and play. Each entertaining session will promote your child’s early literacy development through stories, songs and rhymes, a film to watch, and a take-home craft activity.",3 - 5 years,Wednesday,10:30am - 11:00am,Sutherland Library,"30/36 Belmont St, Sutherland NSW 2232",AEDT,Not available in school holidays or public holidays
NSW,Sutherland Shire Council,Story Time,teddy_book,"Storytime is a fun way to learn new skills and discover new concepts through books and play. Each entertaining session will promote your child’s early literacy development through stories, songs and rhymes, a film to watch, and a take-home craft activity.",3 - 5 years,Friday,10:30am - 11:00am,Cronulla Library,"Cronulla Central, 38-60 Croydon St, Cronulla NSW 2230",AEDT,Not available in school holidays or public holidays
NSW,Sutherland Shire Council,Story Time,teddy_book,"Storytime is a fun way to learn new skills and discover new concepts through books and play. Each entertaining session will promote your child’s early literacy development through stories, songs and rhymes, a film to watch, and a take-home craft activity.",3 - 5 years,Tuesday,10:30am - 11:00am,Caringbah Library,"376/376-378 Port Hacking Rd, Caringbah NSW 2229",AEDT,Not available in school holidays or public holidays
NSW,Sutherland Shire Council,Story Time,teddy_book,"Storytime is a fun way to learn new skills and discover new concepts through books and play. Each entertaining session will promote your child’s early literacy development through stories, songs and rhymes, a film to watch, and a take-home craft activity.",3 - 5 years,Monday,10:30am - 11:00am,Miranda Library,"31 Wandella Rd, Miranda NSW 2228",AEDT,Not available in school holidays or public holidays
NSW,Sutherland Shire Council,Story Time,teddy_book,"Storytime is a fun way to learn new skills and discover new concepts through books and play. Each entertaining session will promote your child’s early literacy development through stories, songs and rhymes, a film to watch, and a take-home craft activity.",3 - 5 years,Wednesday,10:30am - 11:00am,Menai Library,"Allison Cres, Menai NSW 2234",AEDT,Not available in school holidays or public holidays
NSW,Sutherland Shire Council,Story Time,teddy_book,"Storytime is a fun way to learn new skills and discover new concepts through books and play. Each entertaining session will promote your child’s early literacy development through stories, songs and rhymes, a film to watch, and a take-home craft activity.",3 - 5 years,Friday,10:30am - 11:00am,Engadine Library,"116E Caldarra Ave, Engadine NSW 2233",AEDT,Not available in school holidays or public holidays
NSW,Sutherland Shire Council,Story Time,teddy_book,"Storytime is a fun way to learn new skills and discover new concepts through books and play. Each entertaining session will promote your child’s early literacy development through stories, songs and rhymes, a film to watch, and a take-home craft activity.",3 - 5 years,Wednesday,10:30am - 11:00am,Sylvania Library,"Southgate Shopping Centre, Port Hacking Rd, Sylvania NSW 2224",AEDT,Not available in school holidays or public holidays
NSW,Georges River Council,Rhyme Time,baby,"Join us at Rhyme Time for simple stories, songs, and rhymes for babies, toddlers, and their carers.",0 - 1.5 years,Monday,10:00am - 10:30am,Hurstville Library,"Corner Dora Street and, Queens Rd, Hurstville NSW 2220",AEDT,Not available in school holidays or public holidays
NSW,Georges River Council,Rhyme Time,baby,"Join us at Rhyme Time for simple stories, songs, and rhymes for babies, toddlers, and their carers.",0 - 1.5 years,Tuesday,10:30am - 11:00am,Penshurst Library,"630 Forest Rd, Penshurst NSW 2222",AEDT,Not available in school holidays or public holidays
NSW,Georges River Council,Rhyme Time,baby,"Join us at Rhyme Time for simple stories, songs, and rhymes for babies, toddlers, and their carers.",0 - 1.5 years,Thursday,10:00am - 10:30am,Clive James Kogarah Library and Service Centre,"Kogarah Town Square, Belgrave St, Kogarah NSW 2217",AEDT,Not available in school holidays or public holidays
NSW,Georges River Council,Rhyme Time,baby,"Join us at Rhyme Time for simple stories, songs, and rhymes for babies, toddlers, and their carers.",0 - 1.5 years,Friday,10:30am - 11:00am,Oatley Library,"26 Letitia St, Oatley NSW 2223",AEDT,Not available in school holidays or public holidays
NSW,Georges River Council,Rhyme Time,baby,"Join us at Rhyme Time for simple stories, songs, and rhymes for babies, toddlers, and their carers.",0 - 3 years,Wednesday,10:30am - 11:00am,South Hurstville Library,"Corner of Short and, Allen St, South Hurstville NSW 2221",AEDT,Not available in school holidays or public holidays
NSW,Georges River Council,Rhyme Time,baby,"Join us at Rhyme Time for simple stories, songs, and rhymes for babies, toddlers, and their carers.",1.5 - 3 years,Monday,11:00am - 11:30am,Hurstville Library,"Corner Dora Street and, Queens Rd, Hurstville NSW 2220",AEDT,Not available in school holidays or public holidays
NSW,Georges River Council,Rhyme Time,baby,"Join us at Rhyme Time for simple stories, songs, and rhymes for babies, toddlers, and their carers.",1.5 - 3 years,Tuesday,11:30am - 12:00pm,Penshurst Library,"630 Forest Rd, Penshurst NSW 2222",AEDT,Not available in school holidays or public holidays
NSW,Georges River Council,Rhyme Time,baby,"Join us at Rhyme Time for simple stories, songs, and rhymes for babies, toddlers, and their carers.",1.5 - 3 years,Thursday,11:00am - 11:30am,Clive James Kogarah Library and Service Centre,"Kogarah Town Square, Belgrave St, Kogarah NSW 2217",AEDT,Not available in school holidays or public holidays
NSW,Georges River Council,Rhyme Time,baby,"Join us at Rhyme Time for simple stories, songs, and rhymes for babies, toddlers, and their carers.",1.5 - 3 years,Friday,11:30am - 12:00pm,Oatley Library,"26 Letitia St, Oatley NSW 2223",AEDT,Not available in school holidays or public holidays
NSW,Georges River Council,Mandarin Rhyme Time,baby,"Join us for Mandarin Rhyme Time with simple stories, songs and rhymes in Mandarin and English for babies, toddlers, and their carers.",0 - 3 years,Second and fourth Wednesday of the month,10:30am - 11:00am,Hurstville Library,"Corner Dora Street and, Queens Rd, Hurstville NSW 2220",AEDT,Not available in school holidays or public holidays
NSW,Georges River Council,Cantonese Rhyme Time,baby,"Join us for Cantonese Rhyme Time with simple stories, songs and rhymes in Cantonese and English for babies, toddlers, and their carers.",0 - 3 years,Third Wednesday of the month,10:30am - 11:00am,Hurstville Library,"Corner Dora Street and, Queens Rd, Hurstville NSW 2220",AEDT,Not available in school holidays or public holidays
NSW,Georges River Council,Story Time,teddy_book,"Join us for Story Time! Listen to stories, sing songs, and do fun craft activities.",3 - 5 years,Tuesday,10:30am - 11:15am,Oatley Library,"26 Letitia St, Oatley NSW 2223",AEDT,Not available in school holidays or public holidays
NSW,Georges River Council,Story Time,teddy_book,"Join us for Story Time! Listen to stories, sing songs, and do fun craft activities.",3 - 5 years,Wednesday,10:30am - 11:15am,Penshurst Library,"630 Forest Rd, Penshurst NSW 2222",AEDT,Not available in school holidays or public holidays
NSW,Georges River Council,Story Time,teddy_book,"Join us for Story Time! Listen to stories, sing songs, and do fun craft activities.",3 - 5 years,Thursday,10:30am - 11:15am,South Hurstville Library,"Corner of Short and, Allen St, South Hurstville NSW 2221",AEDT,Not available in school holidays or public holidays
NSW,Georges River Council,Story Time,teddy_book,"Join us for Story Time! Listen to stories, sing songs, and do fun craft activities.",3 - 5 years,Friday,10:30am - 11:15am,Clive James Kogarah Library and Service Centre,"Kogarah Town Square, Belgrave St, Kogarah NSW 2217",AEDT,Not available in school holidays or public holidays
NSW,Georges River Council,Music Together in the Library,music_book,"Music Together® is an early childhood music and movement program which supports children’s language, cognitive, emotional, social and physical development, and disposition to learn. Their family music classes show parents, teachers, and caregivers how to help their children become confident music-makers just by having fun making music themselves. Bookings essential to avoid disappointment.",0 - 5 years,Wednesday,4:00pm - 4:45pm,,,AEDT,Not available in school holidays or public holidays
NSW,Willoughby City Council,Baby Time,baby,"Fun stories, action songs and rhymes for your baby. Bookings essential and opened one week in advance.",0 - 1.2 years,Tuesday,10:00am - 10:45am,Chatswood Library,"Chatswood Concourse, 409 Victoria Ave, Chatswood NSW 2067",AEDT,Not available in school holidays or public holidays
NSW,Willoughby City Council,Baby Time,baby,"Fun stories, action songs and rhymes for your baby. Bookings essential and opened one week in advance.",0 - 1.2 years,Wednesday,11:00am - 11:45am,Chatswood Library,"Chatswood Concourse, 409 Victoria Ave, Chatswood NSW 2067",AEDT,Not available in school holidays or public holidays
NSW,Willoughby City Council,Toddler Time,baby,"Fun stories, action songs and rhymes for busy toddlers. Bookings essential and opened one week in advance.",1.2 - 36 years,Wednesday,10:00am - 10:30am,Chatswood Library,"Chatswood Concourse, 409 Victoria Ave, Chatswood NSW 2067",AEDT,Not available in school holidays or public holidays
NSW,Willoughby City Council,Toddler Time,baby,"Fun stories, action songs and rhymes for busy toddlers. Bookings essential and opened one week in advance.",1.2 - 3 years,Thursday,10:00am - 10:30am,Chatswood Library,"Chatswood Concourse, 409 Victoria Ave, Chatswood NSW 2067",AEDT,Not available in school holidays or public holidays
NSW,Willoughby City Council,Preschool Story Time,teddy_book,"Join in action rhymes, games and stories. For ages 3 to 6 and their parent or carer. Bookings are essential and open one week in advance.",3 - 6 years,Tuesday,11:00am - 11:30am,Chatswood Library,"Chatswood Concourse, 409 Victoria Ave, Chatswood NSW 2067",AEDT,Not available in school holidays or public holidays
NSW,Willoughby City Council,Preschool Story Time,teddy_book,"Join in action rhymes, games and stories. For ages 3 to 6 and their parent or carer. Bookings are essential and open one week in advance.",3 - 6 years,Thursday,11:00am - 11:30am,Chatswood Library,"Chatswood Concourse, 409 Victoria Ave, Chatswood NSW 2067",AEDT,Not available in school holidays or public holidays
NSW,Willoughby City Council,Story Play,music_book,"Play, sing and hear stories at fun, free weekly sessions for babies, toddlers and preschoolers aged 0-4 years and their carers.",0 - 4 years,Thursday,10:00am - 10:30am,West Chatswood Library,"565 Mowbray Rd W, Lane Cove North NSW 2066",AEDT,Not available in school holidays or public holidays
NSW,Willoughby City Council,Story Play,music_book,"Play, sing and hear stories at fun, free weekly sessions for babies, toddlers and preschoolers aged 0-4 years and their carers.",0 - 4 years,Monday,10:00am - 10:30am,Artarmon Library,"139 Artarmon Rd, Artarmon NSW 2064",AEDT,Not available in school holidays or public holidays
NSW,Willoughby City Council,Story Play,music_book,"Play, sing and hear stories at fun, free weekly sessions for babies, toddlers and preschoolers aged 0-4 years and their carers.",0 - 4 years,Tuesday,10:00am - 10:30am,Northbridge Library,"258 Sailors Bay Rd, Northbridge NSW 2063",AEDT,Not available in school holidays or public holidays
NSW,Willoughby City Council,Japanese Story Time,teddy_book,"Enjoy songs, rhymes and stories in Japanese. Bookings essential.",2 - 4 years,First Monday of the month,10:45am - 11:15am,Chatswood Library,"Chatswood Concourse, 409 Victoria Ave, Chatswood NSW 2067",AEDT,Not available in school holidays or public holidays
NSW,Willoughby City Council,Mandarin Story Time,teddy_book,"Enjoy songs, rhymes and stories in Mandarin. Bookings essential.",3 - 6 years,First Monday of the month,10:00am - 10:30am,Chatswood Library,"Chatswood Concourse, 409 Victoria Ave, Chatswood NSW 2067",AEDT,Not available in school holidays or public holidays
NSW,Ku-ring-gai Council,Rock-a-Bye,baby,"Join us for storytime for books, songs, games and fun.",0 - 1 year,Tuesday,11:00am - 11:30am,Lindfield Library,"265 Pacific Hwy, Lindfield NSW 2070",AEDT,Not available in school holidays or public holidays
NSW,Ku-ring-gai Council,Rock-a-Bye,baby,"Join us for storytime for books, songs, games and fun.",0 - 1 year,Tuesday,10:00am - 10:30am,Gordon Library,"799 Pacific Hwy, Gordon NSW 2072",AEDT,Not available in school holidays or public holidays
NSW,Ku-ring-gai Council,Rock-a-Bye,baby,"Join us for storytime for books, songs, games and fun.",0 - 1 year,Wednesday,10:00am - 10:30am,Gordon Library,"799 Pacific Hwy, Gordon NSW 2072",AEDT,Not available in school holidays or public holidays
NSW,Ku-ring-gai Council,Rock-a-Bye,baby,"Join us for storytime for books, songs, games and fun.",0 - 1 year,Friday,11:15am - 11:45am,St Ives Library,"166 Mona Vale Rd, St. Ives NSW 2075",AEDT,Not available in school holidays or public holidays
NSW,Ku-ring-gai Council,Rock-a-Bye,baby,"Join us for storytime for books, songs, games and fun.",0 - 1 year,Thursday,11:00am - 11:30am,Turramurra Library,"5 Ray St, Turramurra NSW 2074",AEDT,Not available in school holidays or public holidays
NSW,Ku-ring-gai Council,Rock n Rhyme,music_book,"Join us for storytime for books, songs, games and fun.",1 - 3 years,Tuesday,10:00am - 10:30am,Lindfield Library,"265 Pacific Hwy, Lindfield NSW 2070",AEDT,Not available in school holidays or public holidays
NSW,Ku-ring-gai Council,Rock n Rhyme,music_book,"Join us for storytime for books, songs, games and fun.",1 - 3 years,Thursday,10:00am - 10:30am,Lindfield Library,"265 Pacific Hwy, Lindfield NSW 2070",AEDT,Not available in school holidays or public holidays
NSW,Ku-ring-gai Council,Rock n Rhyme,music_book,"Join us for storytime for books, songs, games and fun.",1 - 3 years,Wednesday,10:00am - 10:30am,Gordon Library,"799 Pacific Hwy, Gordon NSW 2072",AEDT,Not available in school holidays or public holidays
NSW,Ku-ring-gai Council,Rock n Rhyme,music_book,"Join us for storytime for books, songs, games and fun.",1 - 3 years,Friday,10:00am - 10:30am,Gordon Library,"799 Pacific Hwy, Gordon NSW 2072",AEDT,Not available in school holidays or public holidays
NSW,Ku-ring-gai Council,Rock n Rhyme,music_book,"Join us for storytime for books, songs, games and fun.",1 - 3 years,Wednesday,9:45am - 10:15am,St Ives Library,"166 Mona Vale Rd, St. Ives NSW 2075",AEDT,Not available in school holidays or public holidays
NSW,Ku-ring-gai Council,Rock n Rhyme,music_book,"Join us for storytime for books, songs, games and fun.",1 - 3 years,Friday,10:30am - 11:00am,St Ives Library,"166 Mona Vale Rd, St. Ives NSW 2075",AEDT,Not available in school holidays or public holidays
NSW,Ku-ring-gai Council,Rock n Rhyme,music_book,"Join us for storytime for books, songs, games and fun.",1 - 3 years,Wednesday,10:00am - 10:30am,Turramurra Library,"5 Ray St, Turramurra NSW 2074",AEDT,Not available in school holidays or public holidays
NSW,Ku-ring-gai Council,Rock n Rhyme,music_book,"Join us for storytime for books, songs, games and fun.",1 - 3 years,Thursday,10:00am - 10:30am,Turramurra Library,"5 Ray St, Turramurra NSW 2074",AEDT,Not available in school holidays or public holidays
NSW,Ku-ring-gai Council,Rock n Tales,music_book,"Join us for storytime for books, songs, games and fun.",3 - 5 years,Tuesday,11:00am - 11:30am,Gordon Library,"799 Pacific Hwy, Gordon NSW 2072",AEDT,Not available in school holidays or public holidays
NSW,Ku-ring-gai Council,Rock n Tales,music_book,"Join us for storytime for books, songs, games and fun.",3 - 5 years,Thursday,11:00am - 11:30am,Gordon Library,"799 Pacific Hwy, Gordon NSW 2072",AEDT,Not available in school holidays or public holidays
NSW,Ku-ring-gai Council,Rock n Tales,music_book,"Join us for storytime for books, songs, games and fun.",3 - 5 years,Wednesday,10:30am - 11:00am,St Ives Library,"166 Mona Vale Rd, St. Ives NSW 2075",AEDT,Not available in school holidays or public holidays
NSW,Ku-ring-gai Council,Rock n Tales,music_book,"Join us for storytime for books, songs, games and fun.",3 - 5 years,Wednesday,11:00am - 11:30am,Turramurra Library,"5 Ray St, Turramurra NSW 2074",AEDT,Not available in school holidays or public holidays
NSW,Ku-ring-gai Council,Rock n Tales,music_book,"Join us for storytime for books, songs, games and fun.",3 - 5 years,Thursday,11:00am - 11:30am,Lindfield Library,"265 Pacific Hwy, Lindfield NSW 2070",AEDT,Not available in school holidays or public holidays
NSW,Parramatta City Council,Bibs and Books,baby,Storytime with songs and rhymes for babies and toddlers.,0 - 2 years,Wednesday,10:30am - 11:00am,Carlingford Library,"10-14 Charles Street, Carlingford NSW 2118",AEDT,Not available in school holidays or public holidays
NSW,Parramatta City Council,Story Time,teddy_book,Fun-filled storytime with age-appropriate books.,2 - 5 years,Friday,10:30am - 11:00am,Carlingford Library,"10-14 Charles Street, Carlingford NSW 2118",AEDT,Not available in school holidays or public holidays
NSW,Parramatta City Council,Bilingual Story Time (English & Mandarin),teddy_book,Bilingual storytime session with stories in both English and Mandarin.,2 - 5 years,First Friday of the month,10:30am - 11:00am,Carlingford Library,"10-14 Charles Street, Carlingford NSW 2118",AEDT,Not available in school holidays or public holidays
NSW,Parramatta City Council,Story Time,teddy_book,Storytime with books and rhymes for young children.,0 - 5 years,Tuesday,11:00am - 11:30am,Constitution Hill Library,"73 Wigram Street, Constitution Hill NSW 2145",AEDT,Not available in school holidays or public holidays
NSW,Parramatta City Council,Story Time,teddy_book,Storytime with books and rhymes for young children.,0 - 5 years,Wednesday,11:00am - 11:30am,Constitution Hill Library,"73 Wigram Street, Constitution Hill NSW 2145",AEDT,Not available in school holidays or public holidays
NSW,Parramatta City Council,Story Time,teddy_book,Storytime with books and rhymes for young children.,0 - 5 years,Tuesday,10:30am - 11:00am,Dundas Library,"9-11 Sturt Street, Dundas NSW 2117",AEDT,Not available in school holidays or public holidays
NSW,Parramatta City Council,Bibs and Books,baby,Interactive session for babies with songs and stories.,0 - 5 years,Thursday,10:30am - 11:00am,Dundas Library,"9-11 Sturt Street, Dundas NSW 2117",AEDT,Not available in school holidays or public holidays
NSW,Parramatta City Council,Story Time,teddy_book,"Storytime for children, with engaging activities.",3 - 5 years,Tuesday & Friday,10:30am - 11:00am,Epping Library,"1 Oxford Street, Epping NSW 2121",AEDT,Not available in school holidays or public holidays
NSW,Parramatta City Council,Bibs and Books,baby,Early literacy session for babies and toddlers.,0 - 2 years,Wednesday,10:30am - 11:00am,Epping Library,"1 Oxford Street, Epping NSW 2121",AEDT,Not available in school holidays or public holidays
NSW,Parramatta City Council,Bilingual Story Time (English & Mandarin),teddy_book,Bilingual storytime in English and Mandarin for young children.,3 - 5 years,Last Friday of the month,10:30am - 11:00am,Epping Library,"1 Oxford Street, Epping NSW 2121",AEDT,Not available in school holidays or public holidays
NSW,Parramatta City Council,Story Time,teddy_book,Engaging stories for children of all ages.,0 - 5 years,Wednesday,10:30am - 11:00am,Ermington Library,"5 River Road, Ermington NSW 2115",AEDT,Not available in school holidays or public holidays
NSW,Parramatta City Council,Story Time,teddy_book,Fun and interactive storytime session for young children.,0 - 5 years,Friday,10:00am - 10:30am,Ermington Library,"5 River Road, Ermington NSW 2115",AEDT,Not available in school holidays or public holidays
NSW,Parramatta City Council,Story Time (Auslan Interpreted),teddy_book,Auslan-interpreted storytime session for deaf and hearing children.,0 - 5 years,Final Monday of the month,1:30pm - 2:00pm,Parramatta Library,"1-3 Fitzwilliam Street, Parramatta NSW 2150",AEDT,Not available in school holidays or public holidays
NSW,Parramatta City Council,Pyjama Story Time,?,Evening storytime session for families in their pyjamas.,0 - 8 years,First Monday of the month,6:30pm - 7:00pm,Parramatta Library,"1-3 Fitzwilliam Street, Parramatta NSW 2150",AEDT,Not available in school holidays or public holidays
NSW,Parramatta City Council,Family Story Time,teddy_book,Fun family storytime for all ages.,3 - 5 years,Monday,10:30am - 11:00am,Parramatta Library,"1-3 Fitzwilliam Street, Parramatta NSW 2150",AEDT,Not available in school holidays or public holidays
NSW,Parramatta City Council,Toddler Time,baby,Storytime with songs and activities for toddlers.,1.5 - 3 years,Tuesday,10:30am - 11:00am,Parramatta Library,"1-3 Fitzwilliam Street, Parramatta NSW 2150",AEDT,Not available in school holidays or public holidays
NSW,Parramatta City Council,Bibs and Books,baby,Early literacy session for babies and toddlers.,0 - 2 years,Wednesday,10:30am - 11:00am,Parramatta Library,"1-3 Fitzwilliam Street, Parramatta NSW 2150",AEDT,Not available in school holidays or public holidays
NSW,Parramatta City Council,Bibs and Books,baby,Early literacy session for babies and toddlers.,0 - 2 years,Thursday,2:00pm - 2:30pm,Parramatta Library,"1-3 Fitzwilliam Street, Parramatta NSW 2150",AEDT,Not available in school holidays or public holidays
NSW,Parramatta City Council,Story Time,teddy_book,Interactive storytime for preschoolers.,3 - 5 years,Friday,10:30am - 11:00am,Parramatta Library,"1-3 Fitzwilliam Street, Parramatta NSW 2150",AEDT,Not available in school holidays or public holidays
NSW,Parramatta City Council,Family Story Time,teddy_book,Fun family storytime for all ages.,0 - 8 years,Saturday & Sunday,10:30am - 11:00am,Parramatta Library,"1-3 Fitzwilliam Street, Parramatta NSW 2150",AEDT,Not available in school holidays or public holidays
NSW,Parramatta City Council,Bibs and Books,baby,Storytime for babies and toddlers with songs and rhymes.,0 - 2 years,Tuesday,10:30am - 11:00am,Wentworth Point Community Centre & Library,"1 Burroway Road, Wentworth Point NSW 2127",AEDT,Not available in school holidays or public holidays
NSW,Parramatta City Council,Bibs and Books,baby,Storytime for babies and toddlers with songs and rhymes.,0 - 2 years,Wednesday,10:30am - 11:00am,Wentworth Point Community Centre & Library,"1 Burroway Road, Wentworth Point NSW 2127",AEDT,Not available in school holidays or public holidays
NSW,Parramatta City Council,"Sing, Read and Grow - Toddler Time",baby,"Interactive storytime with songs, rhymes, and stories for toddlers.",2 - 5 years,Thursday,10:30am - 11:00am,Wentworth Point Community Centre & Library,"1 Burroway Road, Wentworth Point NSW 2127",AEDT,Not available in school holidays or public holidays
NSW,Hornsby Shire Council,Bubs & Books,music_book,"Introduces babies and toddlers to books, songs, rhymes, and fingerplays.",0 - 1.5 years,Tuesday,11:00am - 11:30am,Hornsby Library,"28-44 George Street, Hornsby NSW 2077",AEDT,Not available in school holidays or public holidays
NSW,Hornsby Shire Council,Bubs & Books,music_book,"Introduces babies and toddlers to books, songs, rhymes, and fingerplays.",0 - 1.5 years,Thursday,11:00am - 11:30am,Hornsby Library,"28-44 George Street, Hornsby NSW 2077",AEDT,Not available in school holidays or public holidays
NSW,Hornsby Shire Council,Bubs & Books,music_book,"Introduces babies and toddlers to books, songs, rhymes, and fingerplays.",0 - 1.5 years,Wednesday,11:00am - 11:30am,Pennant Hills Library,"2-6 Trafalgar Avenue, Pennant Hills NSW 2120",AEDT,Not available in school holidays or public holidays
NSW,Hornsby Shire Council,Toddler Tales,music_book,"Introduces toddlers to a wide range of books, songs, and the opportunity to socialise.",1.5 - 3 years,Monday,10:00am - 10:30am,Hornsby Library,"28-44 George Street, Hornsby NSW 2077",AEDT,Not available in school holidays or public holidays
NSW,Hornsby Shire Council,Storytime for Preschoolers,teddy_book,"Introduces preschoolers to a variety of books and stories, promoting socialising and development.",3 - 5 years,Tuesday,10:00am - 10:30am,Hornsby Library,"28-44 George Street, Hornsby NSW 2077",AEDT,Not available in school holidays or public holidays
NSW,Hornsby Shire Council,Storytime for Preschoolers,teddy_book,"Introduces preschoolers to a variety of books and stories, promoting socialising and development.",3 - 5 years,Thursday,10:00am - 10:30am,Hornsby Library,"28-44 George Street, Hornsby NSW 2077",AEDT,Not available in school holidays or public holidays
NSW,Hornsby Shire Council,Storytime for Preschoolers,teddy_book,"Introduces preschoolers to a variety of books and stories, promoting socialising and development.",3 - 5 years,Wednesday,10:00am - 10:30am,Pennant Hills Library,"2-6 Trafalgar Avenue, Pennant Hills NSW 2120",AEDT,Not available in school holidays or public holidays
NSW,Hornsby Shire Council,Storytime for Preschoolers,teddy_book,"Introduces preschoolers to a variety of books and stories, promoting socialising and development.",3 - 5 years,Friday,10:00am - 10:30am,Pennant Hills Library,"2-6 Trafalgar Avenue, Pennant Hills NSW 2120",AEDT,Not available in school holidays or public holidays
NSW,Hornsby Shire Council,Storytime for Preschoolers,teddy_book,"Introduces preschoolers to a variety of books and stories, promoting socialising and development.",3 - 5 years,Friday,10:30am - 11:00am,Berowra Library,"5-6 Turner Road, Berowra NSW 2081",AEDT,Not available in school holidays or public holidays
NSW,Ryde City Council,Rhymetime,music_book,"Introduce your baby to popular rhymes, songs, and fingerplays.",0 - 3 years,Tuesday,10:30am - 11:00am,Ryde Library,"1 Pope Street, Ryde NSW 2112",AEDT,Not available in school holidays or public holidays
NSW,Ryde City Council,Rhymetime,music_book,"Introduce your baby to popular rhymes, songs, and fingerplays.",0 - 3 years,Wednesday,10:30am - 11:00am,Ryde Library,"1 Pope Street, Ryde NSW 2112",AEDT,Not available in school holidays or public holidays
NSW,Ryde City Council,Rhymetime,music_book,"Introduce your baby to popular rhymes, songs, and fingerplays.",0 - 3 years,Wednesday,10:30am - 11:00am,West Ryde Library,"2 Graf Avenue, West Ryde NSW 2114",AEDT,Not available in school holidays or public holidays
NSW,Ryde City Council,Rhymetime,music_book,"Introduce your baby to popular rhymes, songs, and fingerplays.",0 - 3 years,Friday,10:30am - 11:00am,West Ryde Library,"2 Graf Avenue, West Ryde NSW 2114",AEDT,Not available in school holidays or public holidays
NSW,Ryde City Council,Bilingual Rhymetime (alternating between Mandarin and Korean) ,music_book,"Introduce your baby to popular rhymes, songs, and fingerplays.",0 - 3 years,Last Friday of the month,10:30am - 11:00am,West Ryde Library,"2 Graf Avenue, West Ryde NSW 2114",AEDT,Not available in school holidays or public holidays
NSW,Ryde City Council,Rhymetime,music_book,"Introduce your baby to popular rhymes, songs, and fingerplays.",0 - 3 years,Wednesday,10:30am - 11:00am,Eastwood Library,"Cnr Hillview Road & West Parade, Eastwood NSW 2122",AEDT,Not available in school holidays or public holidays
NSW,Ryde City Council,Rhymetime,music_book,"Introduce your baby to popular rhymes, songs, and fingerplays.",0 - 3 years,Friday,10:30am - 11:00am,Eastwood Library,"Cnr Hillview Road & West Parade, Eastwood NSW 2122",AEDT,Not available in school holidays or public holidays
NSW,Ryde City Council,Rhymetime,music_book,"Introduce your baby to popular rhymes, songs, and fingerplays.",0 - 3 years,Monday ,2:00pm - 2:30pm,North Ryde Library,"201 Coxs Road, North Ryde NSW 2113",AEDT,Not available in school holidays or public holidays
NSW,Ryde City Council,Rhymetime,music_book,"Introduce your baby to popular rhymes, songs, and fingerplays.",0 - 3 years,Tuesday ,10:30am - 11:00am,North Ryde Library,"201 Coxs Road, North Ryde NSW 2113",AEDT,Not available in school holidays or public holidays
NSW,Ryde City Council,Rhymetime,music_book,"Introduce your baby to popular rhymes, songs, and fingerplays.",0 - 3 years,Friday,9:30am - 10:00am,Gladesville Library,"6 Pittwater Road, Gladesville NSW 2111",AEDT,Not available in school holidays or public holidays
NSW,Ryde City Council,Rhymetime,music_book,"Introduce your baby to popular rhymes, songs, and fingerplays.",0 - 5 years,Friday,10:15am - 10:45am,Gladesville Library,"6 Pittwater Road, Gladesville NSW 2111",AEDT,Not available in school holidays or public holidays