State,Term 1 start date,Term 1 end date,Council,What's On?,Icon,Short description,Suitable for,Day,Time,Where?,Address,Timezone
VIC,28/1/2025,4/4/2025,Bayside,Baby Rhyme Time,baby,"Introduce your child to language, literature and the library. By exposing your child to a wide variety of the best books available and making reading an everyday part of life, you will lay the foundations for a lifelong love of reading.",0 - 1.5 years,Thursday,10:30am - 11am,Brighton Library,"14 Wilson St, Brighton VIC 3186",UTC+11
VIC,28/1/2025,4/4/2025,Bayside,Baby Rhyme Time,baby,"Introduce your child to language, literature and the library. By exposing your child to a wide variety of the best books available and making reading an everyday part of life, you will lay the foundations for a lifelong love of reading.",0 - 1.5 years,Tuesday,10:30am - 11am,Beaumaris Library,"96 Reserve Rd, Beaumaris VIC 3193",UTC+11
VIC,28/1/2025,4/4/2025,Bayside,Baby Rhyme Time,baby,"Introduce your child to language, literature and the library. By exposing your child to a wide variety of the best books available and making reading an everyday part of life, you will lay the foundations for a lifelong love of reading.",0 - 1.5 years,Friday,10:30am - 11am,Sandringham Library,"8 Waltham St, Sandringham VIC 3191",UTC+11
VIC,28/1/2025,4/4/2025,Bayside,Toddler Time,music_book,"These sessions include stories, songs and rhymes. Be an active participant with your child to share the joy of books and singing and encourage lifelong learning.",1.5 - 3 years,Tuesday,10:30am - 11am,Brighton Library,"14 Wilson St, Brighton VIC 3186",UTC+11
VIC,28/1/2025,4/4/2025,Bayside,Toddler Time,music_book,"These sessions include stories, songs and rhymes. Be an active participant with your child to share the joy of books and singing and encourage lifelong learning.",1.5 - 3 years,Friday,10:30am - 11am,Beaumaris Library,"96 Reserve Rd, Beaumaris VIC 3193",UTC+11
VIC,28/1/2025,4/4/2025,Bayside,Toddler Time,music_book,"These sessions include stories, songs and rhymes. Be an active participant with your child to share the joy of books and singing and encourage lifelong learning.",1.5 - 3 years,Wednesday,10:30am - 11am,Sandringham Library,"8 Waltham St, Sandringham VIC 3191",UTC+11
VIC,28/1/2025,4/4/2025,Bayside,Toddler Time,music_book,"These sessions include stories, songs and rhymes. Be an active participant with your child to share the joy of books and singing and encourage lifelong learning.",1.5 - 3 years,Monday,2:00pm - 2:30pm,Hampton Library,"1D Service St, Hampton VIC 3188",UTC+11
VIC,28/1/2025,4/4/2025,Bayside,Preschool Storytime,teddy_book,"These sessions include stories, songs, rhymes and an activity. To maximise the benefits available from Storytime, listen to the stories with your children and participate in the activities.",3 - 5 years,Friday,10:30am - 11am,Brighton Library,"14 Wilson St, Brighton VIC 3186",UTC+11
VIC,28/1/2025,4/4/2025,Bayside,Preschool Storytime,teddy_book,"These sessions include stories, songs, rhymes and an activity. To maximise the benefits available from Storytime, listen to the stories with your children and participate in the activities.",3 - 5 years,Thursday,10:30am - 11am,Beaumaris Library,"96 Reserve Rd, Beaumaris VIC 3193",UTC+11
VIC,28/1/2025,4/4/2025,Bayside,Preschool Storytime,teddy_book,"These sessions include stories, songs, rhymes and an activity. To maximise the benefits available from Storytime, listen to the stories with your children and participate in the activities.",3 - 5 years,Tuesday,10:30am - 11am,Sandringham Library,"8 Waltham St, Sandringham VIC 3191",UTC+11
VIC,28/1/2025,4/4/2025,Stonnington,Rhymetime,baby,"Enjoy action rhymes, songs, rhythm and movement with your baby or toddler. ",0 - 2 years,Monday,10:30am - 11am,Malvern Library,"1255 High Street, Malvern VIC 3144",UTC+11
VIC,28/1/2025,4/4/2025,Stonnington,Rhymetime,baby,"Enjoy action rhymes, songs, rhythm and movement with your baby or toddler. ",0 - 2 years,Tuesday,10:30am - 11am,Phoenix Park Library,"30 Rob Roy Road, Malvern East VIC 3145",UTC+11
VIC,28/1/2025,4/4/2025,Stonnington,Rhymetime,baby,"Enjoy action rhymes, songs, rhythm and movement with your baby or toddler. ",0 - 2 years,Friday,10:30am - 11am,Toorak/South Yarra Library,"340 Toorak Road, South Yarra VIC 3141",UTC+11
VIC,28/1/2025,4/4/2025,Stonnington,Stories and songs,music_book,"Enjoy stories, picture books, action songs and rhymes with your child.",0 - 5 years,Monday,10:30am - 11am,Grattan Gardens Community Centre,"40 Grattan Street, Prahran VIC 3181",UTC+11
VIC,28/1/2025,4/4/2025,Stonnington,Stories and songs,music_book,"Enjoy stories, picture books, action songs and rhymes with your child.",0 - 5 years,Wednesday,10:30am - 11am,Grattan Gardens Community Centre,"40 Grattan Street, Prahran VIC 3181",UTC+11
VIC,28/1/2025,4/4/2025,Stonnington,Stories and songs,music_book,"Enjoy stories, picture books, action songs and rhymes with your child.",0 - 5 years,Saturday,10:30am - 11am,Phoenix Park Library,"30 Rob Roy Road, Malvern East VIC 3145",UTC+11
VIC,28/1/2025,4/4/2025,Stonnington,Stories and songs,music_book,"Enjoy stories, picture books, action songs and rhymes with your child.",0 - 5 years,Monday,10:30am - 11am,Prahran Square Library,"Prahran Square, Prahran 3181",UTC+11
VIC,28/1/2025,4/4/2025,Stonnington,Stories and songs,music_book,"Enjoy stories, picture books, action songs and rhymes with your child.",0 - 5 years,Wednesday,10:30am - 11am,Prahran Square Library,"Prahran Square, Prahran 3181",UTC+11
VIC,28/1/2025,4/4/2025,Stonnington,Storytime,teddy_book,Share stories and picture books with your pre-schooler.,3 - 5 years,Thursday,10:30am - 11am,Phoenix Park Library,"30 Rob Roy Road, Malvern East VIC 3145",UTC+11
VIC,28/1/2025,4/4/2025,Stonnington,Storytime,teddy_book,Share stories and picture books with your pre-schooler.,3 - 5 years,Tuesday,10:30am - 11am,Malvern Library,"1255 High Street, Malvern VIC 3144",UTC+11
VIC,28/1/2025,4/4/2025,Stonnington,Storytime,teddy_book,Share stories and picture books with your pre-schooler.,3 - 5 years,Wednesday,10:30am - 11am,Toorak/South Yarra Library,"340 Toorak Road, South Yarra VIC 3141",UTC+11
VIC,28/1/2025,4/4/2025,Port Phillip,Baby Rhyme Time,baby,"Introduce your little one to the wonder books, interactive play, rhyme, rhythm and bouncy songs.",0 - 1.5 years,Friday,10:00am - 10:30am,St Kilda Library,"150 Carlisle St, St Kilda VIC 3182",UTC+11
VIC,28/1/2025,4/4/2025,Port Phillip,Baby Rhyme Time,baby,"Introduce your little one to the wonder books, interactive play, rhyme, rhythm and bouncy songs.",0 - 1.5 years,Monday,10:30am - 11:00am,Emerald Hill Library ,"195 Bank St, South Melbourne VIC 3205",UTC+11
VIC,28/1/2025,4/4/2025,Port Phillip,Tiny Tots Storytime,music_book,An interactive and joyful storytime where caregivers are encouraged to engage with their children to model listening skills and a love of language.,1.5 - 3 years,Monday,10:00am - 10:30am,Albert Park Library ,"319 Montague St, Albert Park VIC 3206",UTC+11
VIC,28/1/2025,4/4/2025,Port Phillip,Tiny Tots Storytime,music_book,An interactive and joyful storytime where caregivers are encouraged to engage with their children to model listening skills and a love of language.,1.5 - 3 years,Monday,11:00am - 11:30am,Albert Park Library ,"319 Montague St, Albert Park VIC 3206",UTC+11
VIC,28/1/2025,4/4/2025,Port Phillip,Tiny Tots Storytime,music_book,An interactive and joyful storytime where caregivers are encouraged to engage with their children to model listening skills and a love of language.,1.5 - 3 years,Friday,11:00am - 11:30am,Emerald Hill Library ,"195 Bank St, South Melbourne VIC 3205",UTC+11
VIC,28/1/2025,4/4/2025,Port Phillip,Tiny Tots Storytime,music_book,An interactive and joyful storytime where caregivers are encouraged to engage with their children to model listening skills and a love of language.,1.5 - 3 years,Wednesday,11:00am - 11:30am,Port Melbourne Library ,"333 Bay St, Port Melbourne VIC 3207",UTC+11
VIC,28/1/2025,4/4/2025,Port Phillip,Tiny Tots Storytime,music_book,An interactive and joyful storytime where caregivers are encouraged to engage with their children to model listening skills and a love of language.,1.5 - 3 years,Wednesday,11:00am - 11:30am,St Kilda Library,"150 Carlisle St, St Kilda VIC 3182",UTC+11
VIC,28/1/2025,4/4/2025,Port Phillip,Tiny Tots Storytime,music_book,An interactive and joyful storytime where caregivers are encouraged to engage with their children to model listening skills and a love of language.,1.5 - 3 years,Friday,11:00am - 11:30am,St Kilda Library,"150 Carlisle St, St Kilda VIC 3182",UTC+11
VIC,28/1/2025,4/4/2025,Port Phillip,Preschool Storytime,music_book,"Participate in a broad selection of picture books, stories, songs and rhymes, involving interactive fun and learning.  Have fun developing language, listening and comprehension skills.",3-6 years,Tuesday,11:00am - 11:30am,Albert Park Library ,"319 Montague St, Albert Park VIC 3206",UTC+11
VIC,28/1/2025,4/4/2025,Port Phillip,Preschool Storytime,music_book,"Participate in a broad selection of picture books, stories, songs and rhymes, involving interactive fun and learning.  Have fun developing language, listening and comprehension skills.",3-6 years,Tuesday,11:00am - 11:30am,St Kilda Library,"150 Carlisle St, St Kilda VIC 3182",UTC+11
VIC,28/1/2025,4/4/2025,Yarra,Babytime,baby,"Songs, books and bubbles for parents/carers and babies.",0 - 1.5 years,Wednesday,2:00pm - 2:30pm,North Fitzroy Library,"182-186 St Georges Rd, Fitzroy North VIC 3068",UTC+11
VIC,28/1/2025,4/4/2025,Yarra,Babytime,baby,"Songs, books and bubbles for parents/carers and babies.",0 - 1.5 years,Thursday,10:00am - 10:30am,North Fitzroy Library,"182-186 St Georges Rd, Fitzroy North VIC 3068",UTC+11
VIC,28/1/2025,4/4/2025,Yarra,Babytime,baby,"Songs, books and bubbles for parents/carers and babies.",0 - 1.5 years,Wednesday,11:30am - 12:00pm,Carlton Library,"667 Rathdowne St, Carlton North VIC 3054",UTC+11
VIC,28/1/2025,4/4/2025,Yarra,Babytime,baby,"Songs, books and bubbles for parents/carers and babies.",0 - 1.5 years,Tuesday,11:30am - 12:00pm,Fitzroy Library,"128 Moor St, Fitzroy VIC 3065",UTC+11
VIC,28/1/2025,4/4/2025,Yarra,Babytime,baby,"Songs, books and bubbles for parents/carers and babies.",0 - 1.5 years,Thursday,11:30am - 12:00pm,Richmond Library,"Unit 3/415 Church St, Richmond VIC 3121",UTC+11
VIC,28/1/2025,4/4/2025,Yarra,Babytime,baby,"Songs, books and bubbles for parents/carers and babies.",0 - 1.5 years,Friday,11:30am - 12:00pm,Richmond Library,"Unit 3/415 Church St, Richmond VIC 3121",UTC+11
VIC,28/1/2025,4/4/2025,Yarra,Babytime,baby,"Songs, books and bubbles for parents/carers and babies.",0 - 1.5 years,Monday,11:30am - 12:00pm,Collingwood Library,"11 Stanton St, Abbotsford VIC 3067",UTC+11
VIC,28/1/2025,4/4/2025,Yarra,Rhymetime,music_book,Rhymes and reading for toddlers (up to 3 years).,1.5 - 3 years,Monday,10:00am - 10:30am,North Fitzroy Library,"182-186 St Georges Rd, Fitzroy North VIC 3068",UTC+11
VIC,28/1/2025,4/4/2025,Yarra,Rhymetime,music_book,Rhymes and reading for toddlers (up to 3 years).,1.5 - 3 years,Tuesday,10:00am - 10:30am,Richmond Library,"Unit 3/415 Church St, Richmond VIC 3121",UTC+11
VIC,28/1/2025,4/4/2025,Yarra,Rhymetime,music_book,Rhymes and reading for toddlers (up to 3 years).,1.5 - 3 years,Wednesday,10:00am - 10:30am,Collingwood Library,"11 Stanton St, Abbotsford VIC 3067",UTC+11
VIC,28/1/2025,4/4/2025,Yarra,Rhymetime,music_book,Rhymes and reading for toddlers (up to 3 years).,1.5 - 3 years,Thursday,10:00am - 10:30am,Fitzroy Library,"128 Moor St, Fitzroy VIC 3065",UTC+11
VIC,28/1/2025,4/4/2025,Yarra,Rhymetime,music_book,Rhymes and reading for toddlers (up to 3 years).,1.5 - 3 years,Friday,10:00am - 10:30am,Carlton Library,"667 Rathdowne St, Carlton North VIC 3054",UTC+11
VIC,28/1/2025,4/4/2025,Yarra,Storytime,teddy_book,Stories and sing-alongs to prepare children for pre-school.,3 - 5 years,Monday,11:00am - 11:30am,Richmond Library,"Unit 3/415 Church St, Richmond VIC 3121",UTC+11
VIC,28/1/2025,4/4/2025,Yarra,Storytime,teddy_book,Stories and sing-alongs to prepare children for pre-school.,3 - 5 years,Tuesday,11:00am - 11:30am,Collingwood Library,"11 Stanton St, Abbotsford VIC 3067",UTC+11
VIC,28/1/2025,4/4/2025,Yarra,Storytime,teddy_book,Stories and sing-alongs to prepare children for pre-school.,3 - 5 years,Wednesday,11:00am - 11:30am,Fitzroy Library,"128 Moor St, Fitzroy VIC 3065",UTC+11
VIC,28/1/2025,4/4/2025,Yarra,Storytime,teddy_book,Stories and sing-alongs to prepare children for pre-school.,3 - 5 years,Thursday,11:00am - 11:30am,Carlton Library,"667 Rathdowne St, Carlton North VIC 3054",UTC+11
VIC,28/1/2025,4/4/2025,Yarra,Storytime,teddy_book,Stories and sing-alongs to prepare children for pre-school.,3 - 5 years,Friday,11:00am - 11:30am,North Fitzroy Library,"182-186 St Georges Rd, Fitzroy North VIC 3068",UTC+11
VIC,28/1/2025,4/4/2025,Yarra,Greek Stories and Play,languages,"Celebrate Greek culture through stories, songs and activities.",3 - 5 years,Wednesday,11:00am - 11:30am,Richmond Library,"Unit 3/415 Church St, Richmond VIC 3121",UTC+11
VIC,28/1/2025,4/4/2025,Glen Eira,Babytime,baby,"Take the first steps in your child's learning journey with songs, rhymes, puppets and mini stories.",0 - 3 years,Monday,2:00pm - 2:30pm,Bentleigh Library,"161 Jasper Rd, Bentleigh VIC 3204",UTC+11
VIC,28/1/2025,4/4/2025,Glen Eira,Babytime,baby,"Take the first steps in your child's learning journey with songs, rhymes, puppets and mini stories.",0 - 3 years,Friday,11:00am - 11:30am,Bentleigh Library,"161 Jasper Rd, Bentleigh VIC 3204",UTC+11
VIC,28/1/2025,4/4/2025,Glen Eira,Babytime,baby,"Take the first steps in your child's learning journey with songs, rhymes, puppets and mini stories.",0 - 3 years,Monday,11:00am - 11:30am,Carnegie Library and Community Centre,"7 Shepparson Avenue, Carnegie VIC 3164",UTC+11
VIC,28/1/2025,4/4/2025,Glen Eira,Babytime,baby,"Take the first steps in your child's learning journey with songs, rhymes, puppets and mini stories.",0 - 3 years,Thursday,2:00pm - 2:30pm,Carnegie Library and Community Centre,"7 Shepparson Avenue, Carnegie VIC 3164",UTC+11
VIC,28/1/2025,4/4/2025,Glen Eira,Babytime,baby,"Take the first steps in your child's learning journey with songs, rhymes, puppets and mini stories.",0 - 3 years,Wednesday,11:00am - 11:30am,Caulfield Library,"Corner Glen Eira and Hawthorn Roads, Caulfield VIC 3162",UTC+11
VIC,28/1/2025,4/4/2025,Glen Eira,Babytime,baby,"Take the first steps in your child's learning journey with songs, rhymes, puppets and mini stories.",0 - 3 years,Tuesday,2:00pm - 2:30pm,Elsternwick Library,"4 Staniland Grove, Elsternwick VIC 3185",UTC+11
VIC,28/1/2025,4/4/2025,Glen Eira,Babytime,baby,"Take the first steps in your child's learning journey with songs, rhymes, puppets and mini stories.",0 - 3 years,Thursday,11:00am - 11:30am,Elsternwick Library,"4 Staniland Grove, Elsternwick VIC 3185",UTC+11
VIC,28/1/2025,4/4/2025,Glen Eira,Storytime,teddy_book,Stories and sing-alongs to prepare children for pre-school.,3 - 5 years,Tuesday,11:00am - 11:30am,Bentleigh Library,"161 Jasper Rd, Bentleigh VIC 3204",UTC+11
VIC,28/1/2025,4/4/2025,Glen Eira,Storytime,teddy_book,Stories and sing-alongs to prepare children for pre-school (including an Auslan interpreted session on the 3rd Thursday of every month.,3 - 5 years,Thursday,11:00am - 11:30am,Bentleigh Library,"161 Jasper Rd, Bentleigh VIC 3204",UTC+11
VIC,28/1/2025,4/4/2025,Glen Eira,Storytime,teddy_book,Stories and sing-alongs to prepare children for pre-school.,3 - 5 years,Sunday,2:00pm - 2:30pm,Bentleigh Library,"161 Jasper Rd, Bentleigh VIC 3204",UTC+11
VIC,28/1/2025,4/4/2025,Glen Eira,Storytime,teddy_book,Stories and sing-alongs to prepare children for pre-school.,3 - 5 years,Tuesday,11:00am - 11:30am,Carnegie Library and Community Centre,"7 Shepparson Avenue, Carnegie VIC 3164",UTC+11
VIC,28/1/2025,4/4/2025,Glen Eira,Storytime,teddy_book,Stories and sing-alongs to prepare children for pre-school.,3 - 5 years,Friday,11:00am - 11:30am,Carnegie Library and Community Centre,"7 Shepparson Avenue, Carnegie VIC 3164",UTC+11
VIC,28/1/2025,4/4/2025,Glen Eira,Storytime,teddy_book,Stories and sing-alongs to prepare children for pre-school.,3 - 5 years,Saturday,2:00pm - 2:30pm,Carnegie Library and Community Centre,"7 Shepparson Avenue, Carnegie VIC 3164",UTC+11
VIC,28/1/2025,4/4/2025,Glen Eira,Storytime,teddy_book,Stories and sing-alongs to prepare children for pre-school.,3 - 5 years,Wednesday,2:00pm - 2:30pm,Caulfield Library,"Corner Glen Eira and Hawthorn Roads, Caulfield VIC 3162",UTC+11
VIC,28/1/2025,4/4/2025,Glen Eira,Storytime,teddy_book,Stories and sing-alongs to prepare children for pre-school.,3 - 5 years,Friday,11:00am - 11:30am,Elsternwick Library,"4 Staniland Grove, Elsternwick VIC 3185",UTC+11
VIC,28/1/2025,4/4/2025,Monash,Storytime,teddy_book,Babytime is an early literacy program for babies,0 - 1 year,Tuesday,2:00pm - 2:30pm,Clayton Library,"9-15 Cooke St, Clayton VIC 3168",UTC+11
VIC,28/1/2025,4/4/2025,Monash,Babytime,baby,Babytime is an early literacy program for babies,0 - 1 year,Wednesday,2:00pm - 2:30pm,Glen Waverley Library,"112 Kingsway, Glen Waverley VIC 3150",UTC+11
VIC,28/1/2025,4/4/2025,Monash,Babytime,baby,Babytime is an early literacy program for babies,0 - 1 year,Thursday,2:00pm - 2:30pm,Mount Waverley Library,"41 Miller Cres, Mount Waverley VIC 3149",UTC+11
VIC,28/1/2025,4/4/2025,Monash,Babytime,baby,Babytime is an early literacy program for babies,0 - 1 year,Tuesday,1:30pm - 2:00pm,Mulgrave Library,"36-42 Mackie Rd, Mulgrave VIC 3170",UTC+11
VIC,28/1/2025,4/4/2025,Monash,Babytime,baby,Babytime is an early literacy program for babies,0 - 1 year,Monday,2:00pm - 2:30pm,Oakleigh Library,"148 Drummond St, Oakleigh VIC 3166",UTC+11
VIC,28/1/2025,4/4/2025,Monash,Babytime,baby,Babytime is an early literacy program for babies,0 - 1 year,Monday,2:00pm - 2:30pm,Wheelers Hill Library,"860 Ferntree Gully Rd, Wheelers Hill VIC 3150",UTC+11
VIC,28/1/2025,4/4/2025,Monash,Storytime,teddy_book,Storytime supports children's literacy and group learning.,1 - 5 years,Monday,10:30am - 11:00am,Clayton Library,"9-15 Cooke St, Clayton VIC 3168",UTC+11
VIC,28/1/2025,4/4/2025,Monash,Storytime,teddy_book,Storytime supports children's literacy and group learning.,1 - 5 years,Friday,10:30am - 11:00am,Clayton Library,"9-15 Cooke St, Clayton VIC 3168",UTC+11
VIC,28/1/2025,4/4/2025,Monash,Storytime,teddy_book,Storytime supports children's literacy and group learning.,1 - 5 years,Tuesday,10:30am - 11:00am,Glen Waverley Library,"112 Kingsway, Glen Waverley VIC 3150",UTC+11
VIC,28/1/2025,4/4/2025,Monash,Storytime,teddy_book,Storytime supports children's literacy and group learning.,1 - 5 years,Thursday,10:30am - 11:00am,Glen Waverley Library,"112 Kingsway, Glen Waverley VIC 3150",UTC+11
VIC,28/1/2025,4/4/2025,Monash,Storytime,teddy_book,Storytime supports children's literacy and group learning.,1 - 5 years,Tuesday,10:30am - 11:00am,Mount Waverley Library,"41 Miller Cres, Mount Waverley VIC 3149",UTC+11
VIC,28/1/2025,4/4/2025,Monash,Storytime,teddy_book,Storytime supports children's literacy and group learning.,1 - 5 years,Wednesday,10:30am - 11:00am,Mount Waverley Library,"41 Miller Cres, Mount Waverley VIC 3149",UTC+11
VIC,28/1/2025,4/4/2025,Monash,Storytime,teddy_book,Storytime supports children's literacy and group learning.,1 - 5 years,Tuesday,2:30pm - 3:00pm,Mulgrave Library,"36-42 Mackie Rd, Mulgrave VIC 3170",UTC+11
VIC,28/1/2025,4/4/2025,Monash,Storytime,teddy_book,Storytime supports children's literacy and group learning.,1 - 5 years,Wednesday,10:30am - 11:00am,Oakleigh Library,"148 Drummond St, Oakleigh VIC 3166",UTC+11
VIC,28/1/2025,4/4/2025,Monash,Storytime,teddy_book,Storytime supports children's literacy and group learning.,1 - 5 years,Thursday,10:30am - 11:00am,Oakleigh Library,"148 Drummond St, Oakleigh VIC 3166",UTC+11
VIC,28/1/2025,4/4/2025,Monash,Storytime,teddy_book,Storytime supports children's literacy and group learning.,1 - 5 years,Tuesday,10:30am - 11:00am,Wheelers Hill Library,"860 Ferntree Gully Rd, Wheelers Hill VIC 3150",UTC+11
VIC,28/1/2025,4/4/2025,Monash,Storytime,teddy_book,Storytime supports children's literacy and group learning.,1 - 5 years,Wednesday,10:30am - 11:00am,Wheelers Hill Library,"860 Ferntree Gully Rd, Wheelers Hill VIC 3150",UTC+11
VIC,28/1/2025,4/4/2025,Boroondara,Sing Baby Sing,baby,Songs and rhymes for you and your baby and an opportunity to meet other parents and carers.,0 - 1 year,Friday,2:30pm - 3:00pm,Ashburton Library,"154 High St, Ashburton VIC 3147",UTC+11
VIC,28/1/2025,4/4/2025,Boroondara,Sing Baby Sing,baby,Songs and rhymes for you and your baby and an opportunity to meet other parents and carers.,0 - 1 year,Wednesday,2:30pm - 3:00pm,Balwyn Library,"336 Whitehorse Rd, Balwyn VIC 3103",UTC+11
VIC,28/1/2025,4/4/2025,Boroondara,Sing Baby Sing,baby,Songs and rhymes for you and your baby and an opportunity to meet other parents and carers.,0 - 1 year,Wednesday,10:30am - 11:00am,Camberwell Library,"340 Camberwell Rd, Camberwell VIC 3124",UTC+11
VIC,28/1/2025,4/4/2025,Boroondara,Sing Baby Sing,baby,Songs and rhymes for you and your baby and an opportunity to meet other parents and carers.,0 - 1 year,Thursday,10:30am - 11:00am,Hawthorn Library,"584 Glenferrie Rd, Hawthorn VIC 3122",UTC+11
VIC,28/1/2025,4/4/2025,Boroondara,Sing Baby Sing,baby,Songs and rhymes for you and your baby and an opportunity to meet other parents and carers.,0 - 1 year,Tuesday,2:30pm - 3:00pm,Kew Library ,"Corner Cotham Road and, Civic Dr, Kew VIC 3101",UTC+11
VIC,28/1/2025,4/4/2025,Boroondara,Tiny Tots,music_book,"Stories, songs and rhymes to help develop early literacy skills and a fun space for young children to socialise and interact with peers.",1 - 3 years,Wednesday,10:30am - 11:00am,Ashburton Library,"154 High St, Ashburton VIC 3147",UTC+11
VIC,28/1/2025,4/4/2025,Boroondara,Tiny Tots,music_book,"Stories, songs and rhymes to help develop early literacy skills and a fun space for young children to socialise and interact with peers.",1 - 3 years,Thursday,10:30am - 11:00am,Balwyn Library,"336 Whitehorse Rd, Balwyn VIC 3103",UTC+11
VIC,28/1/2025,4/4/2025,Boroondara,Tiny Tots,music_book,"Stories, songs and rhymes to help develop early literacy skills and a fun space for young children to socialise and interact with peers.",1 - 3 years,Tuesday,10:30am - 11:00am,Camberwell Library,"340 Camberwell Rd, Camberwell VIC 3124",UTC+11
VIC,28/1/2025,4/4/2025,Boroondara,Tiny Tots,music_book,"Stories, songs and rhymes to help develop early literacy skills and a fun space for young children to socialise and interact with peers.",1 - 3 years,Monday,10:30am - 11:00am,Kew Library ,"Corner Cotham Road and, Civic Dr, Kew VIC 3101",UTC+11
VIC,28/1/2025,4/4/2025,Boroondara,Storytime,teddy_book,"Stories, songs and activities to help build early literacy, introduce the world of storytelling and grow a love of reading in young children.",3 - 5 years,Thursday,11:00am - 12:00pm,Ashburton Library,"154 High St, Ashburton VIC 3147",UTC+11
VIC,28/1/2025,4/4/2025,Boroondara,Storytime,teddy_book,"Stories, songs and activities to help build early literacy, introduce the world of storytelling and grow a love of reading in young children.",3 - 5 years,Monday,11:00am - 12:00pm,Balwyn Library,"336 Whitehorse Rd, Balwyn VIC 3103",UTC+11
VIC,28/1/2025,4/4/2025,Boroondara,Storytime,teddy_book,"Stories, songs and activities to help build early literacy, introduce the world of storytelling and grow a love of reading in young children.",3 - 5 years,Friday,11:00am - 12:00pm,Camberwell Library,"340 Camberwell Rd, Camberwell VIC 3124",UTC+11
VIC,28/1/2025,4/4/2025,Boroondara,Storytime,teddy_book,"Stories, songs and activities to help build early literacy, introduce the world of storytelling and grow a love of reading in young children.",3 - 5 years,Tuesday,11:00am - 12:00pm,Greythorn Library Lounge ,"2 Centre Way, Balwyn North VIC 3104",UTC+11
VIC,28/1/2025,4/4/2025,Boroondara,Storytime,teddy_book,"Stories, songs and activities to help build early literacy, introduce the world of storytelling and grow a love of reading in young children.",3 - 5 years,Tuesday,11:00am - 12:00pm,Hawthorn Library,"584 Glenferrie Rd, Hawthorn VIC 3122",UTC+11
VIC,28/1/2025,4/4/2025,Boroondara,Chinese Storytime ,languages,Join in for stories and songs in Mandarin and English.,0 - 5 years,Wednesday,11:00am - 12:00pm,Greythorn Library Lounge ,"2 Centre Way, Balwyn North VIC 3104",UTC+11
VIC,28/1/2025,4/4/2025,Darebin,Rhyme time,music_book,"Come along to learn songs, finger plays and rhymes with your baby or toddler.",0 - 2 years,Monday,10:15am - 10:45am,Fairfield Library,"121 Station Street, Fairfield VIC 3078",UTC+11
VIC,28/1/2025,4/4/2025,Darebin,Rhyme time,music_book,"Come along to learn songs, finger plays and rhymes with your baby or toddler.",0 - 2 years,Tuesday,10:15am - 10:45am,Northcote Library,"32-38 Separation St, Northcote VIC 3070",UTC+11
VIC,28/1/2025,4/4/2025,Darebin,Rhyme time,music_book,"Come along to learn songs, finger plays and rhymes with your baby or toddler.",0 - 2 years,Wednesday,10:15am - 10:45am,Preston Library,"266 Gower St, Preston VIC 3072",UTC+11
VIC,28/1/2025,4/4/2025,Darebin,Rhyme time,music_book,"Come along to learn songs, finger plays and rhymes with your baby or toddler.",0 - 2 years,Friday,10:15am - 10:45am,Reservoir Library,"23 Edwardes St, Reservoir VIC 3073",UTC+11
VIC,28/1/2025,4/4/2025,Darebin,Storytime,teddy_book,"Bring your preschooler along for stories, songs and simple craft activities.",2 - 5 years,Monday,11:15am - 11:45am,Fairfield Library,"121 Station Street, Fairfield VIC 3078",UTC+11
VIC,28/1/2025,4/4/2025,Darebin,Storytime,teddy_book,"Bring your preschooler along for stories, songs and simple craft activities.",2 - 5 years,Tuesday,11:15am - 11:45am,Northcote Library,"32-38 Separation St, Northcote VIC 3070",UTC+11
VIC,28/1/2025,4/4/2025,Darebin,Storytime,teddy_book,"Bring your preschooler along for stories, songs and simple craft activities.",2 - 5 years,Wednesday,11:15am - 11:45am,Preston Library,"266 Gower St, Preston VIC 3072",UTC+11
VIC,28/1/2025,4/4/2025,Darebin,Storytime,teddy_book,"Bring your preschooler along for stories, songs and simple craft activities.",2 - 5 years,Friday,11:15am - 11:45am,Reservoir Library,"23 Edwardes St, Reservoir VIC 3073",UTC+11
VIC,28/1/2025,4/4/2025,Moreland (Merri-bek),Storytime,teddy_book,"Fun, interactive sessions that include songs, rhymes and stories. Also included regular Rainbow Family Storytimes.",3 - 5 years,Monday,10:30am - 11:00am,Glenroy Library,"50 Wheatsheaf Rd, Glenroy VIC 3046",UTC+11
VIC,28/1/2025,4/4/2025,Moreland (Merri-bek),Storytime,teddy_book,"Fun, interactive sessions that include songs, rhymes and stories. Also included regular Rainbow Family Storytimes.",3 - 5 years,Wednesday,10:30am - 11:00am,Campell Turnbull Library,"220 Melville Rd, Brunswick West VIC 3055",UTC+11
VIC,28/1/2025,4/4/2025,Moreland (Merri-bek),Storytime,teddy_book,"Fun, interactive sessions that include songs, rhymes and stories. Also included regular Rainbow Family Storytimes.",3 - 5 years,Thursday,11:00am - 11:30am,Brunswick Library,"Sydney Rd & Dawson St, Room 1.10/233 Sydney Rd, Brunswick VIC 3056",UTC+11
VIC,28/1/2025,4/4/2025,Moreland (Merri-bek),Storytime,teddy_book,"Fun, interactive sessions that include songs, rhymes and stories. Also included regular Rainbow Family Storytimes.",3 - 5 years,Friday,10:30am - 11:00am,Coburg Library,"Victoria St & Louisa St, Coburg VIC 3058",UTC+11
VIC,28/1/2025,4/4/2025,Moreland (Merri-bek),Storytime,teddy_book,"Fun, interactive sessions that include songs, rhymes and stories. Also included regular Rainbow Family Storytimes.",3 - 5 years,Friday,10:30am - 11:00am,Fawkner Library,"77 Jukes Rd, Fawkner VIC 3060",UTC+11
VIC,28/1/2025,4/4/2025,Moreland (Merri-bek),Toddlertime,music_book,"These sessions include stories, songs and rhymes. Be an active participant with your child to share the joy of books and singing and encourage lifelong learning.",1.5 - 3 years,Monday,10:30am - 11:00am,Coburg Library,"Victoria St & Louisa St, Coburg VIC 3058",UTC+11
VIC,28/1/2025,4/4/2025,Moreland (Merri-bek),Toddlertime,music_book,"These sessions include stories, songs and rhymes. Be an active participant with your child to share the joy of books and singing and encourage lifelong learning.",1.5 - 3 years,Tuesday,10:30am - 11:00am,Glenroy Library,"50 Wheatsheaf Rd, Glenroy VIC 3046",UTC+11
VIC,28/1/2025,4/4/2025,Moreland (Merri-bek),Toddlertime,music_book,"These sessions include stories, songs and rhymes. Be an active participant with your child to share the joy of books and singing and encourage lifelong learning.",1.5 - 3 years,Wednesday,10:00am - 10:30am,Brunswick Library,"Sydney Rd & Dawson St, Room 1.10/233 Sydney Rd, Brunswick VIC 3056",UTC+11
VIC,28/1/2025,4/4/2025,Moreland (Merri-bek),Toddlertime,music_book,"These sessions include stories, songs and rhymes. Be an active participant with your child to share the joy of books and singing and encourage lifelong learning.",1.5 - 3 years,Thursday,10:30am - 11:00am,Campell Turnbull Library,"220 Melville Rd, Brunswick West VIC 3055",UTC+11
VIC,28/1/2025,4/4/2025,Moreland (Merri-bek),Rhymetime,baby,Enjoy a fun-filled session based on music and movement as you and your baby share rhymes and action songs. ,0 - 1.5 years,Tuesday,10:30am - 11:00am,Fawkner Library,"77 Jukes Rd, Fawkner VIC 3060",UTC+11
VIC,28/1/2025,4/4/2025,Moreland (Merri-bek),Rhymetime,baby,Enjoy a fun-filled session based on music and movement as you and your baby share rhymes and action songs. ,0 - 1.5 years,Wednesday,10:30am - 11:00am,Glenroy Library,"50 Wheatsheaf Rd, Glenroy VIC 3046",UTC+11
VIC,28/1/2025,4/4/2025,Moreland (Merri-bek),Rhymetime,baby,Enjoy a fun-filled session based on music and movement as you and your baby share rhymes and action songs. ,0 - 1.5 years,Thursday,10:30am - 11:00am,Coburg Library,"Victoria St & Louisa St, Coburg VIC 3058",UTC+11
VIC,28/1/2025,4/4/2025,Moreland (Merri-bek),Rhymetime,baby,Enjoy a fun-filled session based on music and movement as you and your baby share rhymes and action songs. ,0 - 1.5 years,Thursday,11:30am - 12:00am,Coburg Library,"Victoria St & Louisa St, Coburg VIC 3058",UTC+11
VIC,28/1/2025,4/4/2025,Moreland (Merri-bek),Rhymetime,baby,Enjoy a fun-filled session based on music and movement as you and your baby share rhymes and action songs. ,0 - 1.5 years,Friday,10:00am - 10:30am,Brunswick Library,"Sydney Rd & Dawson St, Room 1.10/233 Sydney Rd, Brunswick VIC 3056",UTC+11
VIC,28/1/2025,4/4/2025,Moreland (Merri-bek),Rhymetime,baby,Enjoy a fun-filled session based on music and movement as you and your baby share rhymes and action songs. ,0 - 1.5 years,Friday,11:00am - 11:30am,Brunswick Library,"Sydney Rd & Dawson St, Room 1.10/233 Sydney Rd, Brunswick VIC 3056",UTC+11
VIC,28/1/2025,4/4/2025,Moreland (Merri-bek),Wordplay,blocks,Word Play is a free literacy program for families to learn English together and make the most of pre-school play.,3 - 5 years,Wednesday,10:30am - 11:00am,Fawkner Library,"77 Jukes Rd, Fawkner VIC 3060",UTC+11
VIC,28/1/2025,4/4/2025,Brimbank,Baby Bounce,baby,Have fun sharing songs and rhymes in this pre-literacy program for parents and babies.,0 - 1.5 years,Tuesday,10:30am - 11:00am,Deer Park Library,"4 Neale Rd, Deer Park VIC 3023",UTC+11
VIC,28/1/2025,4/4/2025,Brimbank,Baby Bounce,baby,Have fun sharing songs and rhymes in this pre-literacy program for parents and babies.,0 - 1.5 years,Tuesday,2:00pm - 2:30pm ,Keilor Library,"704B Old Calder Hwy, Keilor VIC 3036",UTC+11
VIC,28/1/2025,4/4/2025,Brimbank,Baby Bounce,baby,Have fun sharing songs and rhymes in this pre-literacy program for parents and babies.,0 - 1.5 years,Wednesday,10:30am - 11:00am,St Albans Library,"71A Alfrieda St, St Albans VIC 3021",UTC+11
VIC,28/1/2025,4/4/2025,Brimbank,Baby Bounce,baby,Have fun sharing songs and rhymes in this pre-literacy program for parents and babies.,0 - 1.5 years,Thursday,10:30am - 11:00am,Sunshine Library,"301 Hampshire Rd, Sunshine VIC 3020",UTC+11
VIC,28/1/2025,4/4/2025,Brimbank,Baby Bounce,baby,Have fun sharing songs and rhymes in this pre-literacy program for parents and babies.,0 - 1.5 years,Monday,10:30am - 11:00am,Sydenham Library,"1 Station Street, Taylors Lakes VIC 3038",UTC+11
VIC,28/1/2025,4/4/2025,Brimbank,Toddler Storytime,music_book,"Stimulate language development through story, song and rhyme with these storytimes.",1.5 - 3 years,Monday,10:30am - 11:00am,Deer Park Library,"4 Neale Rd, Deer Park VIC 3023",UTC+11
VIC,28/1/2025,4/4/2025,Brimbank,Toddler Storytime,music_book,"Stimulate language development through story, song and rhyme with these storytimes.",1.5 - 3 years,Friday,1:00pm - 1:30pm,St Albans Library,"71A Alfrieda St, St Albans VIC 3021",UTC+11
VIC,28/1/2025,4/4/2025,Brimbank,Toddler Storytime,music_book,"Stimulate language development through story, song and rhyme with these storytimes.",1.5 - 3 years,Wednesday,10:30am - 11:00am,Sunshine Library,"301 Hampshire Rd, Sunshine VIC 3020",UTC+11
VIC,28/1/2025,4/4/2025,Brimbank,Toddler Storytime,music_book,"Stimulate language development through story, song and rhyme with these storytimes.",1.5 - 3 years,Tuesday,10:30am - 11:00am,Sydenham Library,"1 Station Street, Taylors Lakes VIC 3038",UTC+11
VIC,28/1/2025,4/4/2025,Brimbank,Toddler Storytime,music_book,"Stimulate language development through story, song and rhyme with these storytimes.",1.5 - 3 years,Thursday,10:30am - 11:00am,Sydenham Library,"1 Station Street, Taylors Lakes VIC 3038",UTC+11
VIC,28/1/2025,4/4/2025,Brimbank,Preschool Storytime,teddy_book,"Enjoy stories, songs, and rhymes that help build literacy skills for children",3 - 5 years,Wednesday,10:30am - 11:00am,Deer Park Library,"4 Neale Rd, Deer Park VIC 3023",UTC+11
VIC,28/1/2025,4/4/2025,Brimbank,Preschool Storytime,teddy_book,"Enjoy stories, songs, and rhymes that help build literacy skills for children",3 - 5 years,Wednesday,10:30am - 11:00am,Keilor Library,"704B Old Calder Hwy, Keilor VIC 3036",UTC+11
VIC,28/1/2025,4/4/2025,Brimbank,Preschool Storytime,teddy_book,"Enjoy stories, songs, and rhymes that help build literacy skills for children",3 - 5 years,Monday,10:30am - 11:00am,St Albans Library,"71A Alfrieda St, St Albans VIC 3021",UTC+11
VIC,28/1/2025,4/4/2025,Brimbank,Preschool Storytime,teddy_book,"Enjoy stories, songs, and rhymes that help build literacy skills for children",3 - 5 years,Monday,2:00pm - 2:30pm,Sunshine Library,"301 Hampshire Rd, Sunshine VIC 3020",UTC+11
VIC,28/1/2025,4/4/2025,Brimbank,Preschool Storytime,teddy_book,"Enjoy stories, songs, and rhymes that help build literacy skills for children",3 - 5 years,Friday,10:30am - 11:00am,Sydenham Library,"1 Station Street, Taylors Lakes VIC 3038",UTC+11
VIC,28/1/2025,4/4/2025,Brimbank,Let's Read Together,books,Grow your child’s love of reading with our weekly storytime sessions.,0- 5 years,Friday,10:30am - 11:00am,Sunshine Library,"301 Hampshire Rd, Sunshine VIC 3020",UTC+11
VIC,28/1/2025,4/4/2025,Brimbank,Family & Auslan Storytime,no_hearing,"Share stories, songs, and rhymes in these all-ages family session. Every two weeks, sessions are conducted with Auslan interpretation.",0- 5 years,Saturday,10:30am - 11:00am,St Albans Library,"71A Alfrieda St, St Albans VIC 3021",UTC+11
VIC,28/1/2025,4/4/2025,Brimbank,Bilingual Storytime - Vietnamese,languages,"Enjoy stories, songs and rhymes in other languages and English.",0- 5 years,Monday,11:15am - 11:45am,St Albans Library,"71A Alfrieda St, St Albans VIC 3021",UTC+11
VIC,28/1/2025,4/4/2025,Brimbank,Bilingual Storytime - Burmese,languages,"Enjoy stories, songs and rhymes in other languages and English.",0- 5 years,Monday,10:00am - 10:30am,Deer Park Library,"4 Neale Rd, Deer Park VIC 3023",UTC+11
VIC,28/1/2025,4/4/2025,Brimbank,Sensory Storytime,heart,Grow your child’s love of reading with our weekly sessions designed for children with heightened sensory needs.,0- 5 years,Friday,10:00am - 10:30am,Deer Park Library,"4 Neale Rd, Deer Park VIC 3023",UTC+11
VIC,28/1/2025,4/4/2025,Wyndham,Baby Time,baby,"Songs, rhymes and finger play to encourage interaction with your baby in a fun environment with other parents. ",0 - 1 year,Tuesday,2:00pm - 2:30pm,Hoppers Crossing (Plaza) Library,"Pacific Werribee, Shop MM11, level 1 Derrimut Rd, Werribee VIC 3030",UTC+11
VIC,28/1/2025,4/4/2025,Wyndham,Baby Time,baby,"Songs, rhymes and finger play to encourage interaction with your baby in a fun environment with other parents. ",0 - 1 year,Wednesday,10:30am - 11:00am,Hoppers Crossing (Plaza) Library,"Pacific Werribee, Shop MM11, level 1 Derrimut Rd, Werribee VIC 3030",UTC+11
VIC,28/1/2025,4/4/2025,Wyndham,Baby Time,baby,"Songs, rhymes and finger play to encourage interaction with your baby in a fun environment with other parents. ",0 - 1 year,Monday,2:00pm - 2:30pm,Julia Gillard Library Tarneit,"150 Sunset Views Blvd, Tarneit VIC 3029",UTC+11
VIC,28/1/2025,4/4/2025,Wyndham,Baby Time,baby,"Songs, rhymes and finger play to encourage interaction with your baby in a fun environment with other parents. ",0 - 1 year,Wednesday,10:00am - 10:30am,Julia Gillard Library Tarneit,"150 Sunset Views Blvd, Tarneit VIC 3029",UTC+11
VIC,28/1/2025,4/4/2025,Wyndham,Baby Time,baby,"Songs, rhymes and finger play to encourage interaction with your baby in a fun environment with other parents. ",0 - 1 year,Tuesday,10:30am - 11:00am,Manor Lakes Library,"86 Manor Lakes Blvd, Manor Lakes VIC 3024",UTC+11
VIC,28/1/2025,4/4/2025,Wyndham,Baby Time,baby,"Songs, rhymes and finger play to encourage interaction with your baby in a fun environment with other parents. ",0 - 1 year,Wednesday,10:30am - 11:00am,Manor Lakes Library,"86 Manor Lakes Blvd, Manor Lakes VIC 3024",UTC+11
VIC,28/1/2025,4/4/2025,Wyndham,Baby Time,baby,"Songs, rhymes and finger play to encourage interaction with your baby in a fun environment with other parents. ",0 - 1 year,Thursday,2:00pm - 2:30pm,Point Cook Library,"1-21 Cheetham St, Point Cook VIC 3029",UTC+11
VIC,28/1/2025,4/4/2025,Wyndham,Baby Time,baby,"Songs, rhymes and finger play to encourage interaction with your baby in a fun environment with other parents. ",0 - 1 year,Friday,11:30am - 12:00pm,Point Cook Library,"1-21 Cheetham St, Point Cook VIC 3029",UTC+11
VIC,28/1/2025,4/4/2025,Wyndham,Baby Time,baby,"Songs, rhymes and finger play to encourage interaction with your baby in a fun environment with other parents. ",0 - 1 year,Wednesday,2:00pm - 2:30pm,Truganina Library Lounge,"1 Everton Rd, Truganina VIC 3029",UTC+11
VIC,28/1/2025,4/4/2025,Wyndham,Baby Time,baby,"Songs, rhymes and finger play to encourage interaction with your baby in a fun environment with other parents. ",0 - 1 year,Monday,2:00pm - 2:30pm,Williams Landing Library Lounge,"Unit 1/101 Overton Rd, Williams Landing VIC 3027",UTC+11
VIC,28/1/2025,4/4/2025,Wyndham,Baby Time,baby,"Songs, rhymes and finger play to encourage interaction with your baby in a fun environment with other parents. ",0 - 1 year,Tuesday,10:30am - 11:00am,Williams Landing Library Lounge,"Unit 1/101 Overton Rd, Williams Landing VIC 3027",UTC+11
VIC,28/1/2025,4/4/2025,Wyndham,Baby Time,baby,"Songs, rhymes and finger play to encourage interaction with your baby in a fun environment with other parents. ",0 - 1 year,Thursday,2:00pm - 2:30pm,Williams Landing Library Lounge,"Unit 1/101 Overton Rd, Williams Landing VIC 3027",UTC+11
VIC,28/1/2025,4/4/2025,Wyndham,Baby Time,baby,"Songs, rhymes and finger play to encourage interaction with your baby in a fun environment with other parents. ",0 - 1 year,Friday,2:00pm - 2:30pm,Williams Landing Library Lounge,"Unit 1/101 Overton Rd, Williams Landing VIC 3027",UTC+11
VIC,28/1/2025,4/4/2025,Wyndham,Rhyme Time,music_book,"Stories, songs and rhymes designed to develop early language, literacy and numeracy skills.",1 - 5 years,Tuesday,2:00pm - 2:30pm,Julia Gillard Library Tarneit,"150 Sunset Views Blvd, Tarneit VIC 3029",UTC+11
VIC,28/1/2025,4/4/2025,Wyndham,Rhyme Time,music_book,"Stories, songs and rhymes designed to develop early language, literacy and numeracy skills.",1 - 5 years,Thursday,10:00am - 10:30am,Julia Gillard Library Tarneit,"150 Sunset Views Blvd, Tarneit VIC 3029",UTC+11
VIC,28/1/2025,4/4/2025,Wyndham,Rhyme Time,music_book,"Stories, songs and rhymes designed to develop early language, literacy and numeracy skills.",1 - 5 years,Friday,9:30am - 10:00am,Julia Gillard Library Tarneit,"150 Sunset Views Blvd, Tarneit VIC 3029",UTC+11
VIC,28/1/2025,4/4/2025,Wyndham,Rhyme Time,music_book,"Stories, songs and rhymes designed to develop early language, literacy and numeracy skills.",1 - 5 years,Tuesday,10:30am - 11:00am,Hoppers Crossing (Plaza) Library,"Pacific Werribee, Shop MM11, level 1 Derrimut Rd, Werribee VIC 3030",UTC+11
VIC,28/1/2025,4/4/2025,Wyndham,Rhyme Time,music_book,"Stories, songs and rhymes designed to develop early language, literacy and numeracy skills.",1 - 5 years,Thursday,10:30am - 11:00am,Hoppers Crossing (Plaza) Library,"Pacific Werribee, Shop MM11, level 1 Derrimut Rd, Werribee VIC 3030",UTC+11
VIC,28/1/2025,4/4/2025,Wyndham,Rhyme Time,music_book,"Stories, songs and rhymes designed to develop early language, literacy and numeracy skills.",1 - 5 years,Friday,10:30am - 11:00am,Hoppers Crossing (Plaza) Library,"Pacific Werribee, Shop MM11, level 1 Derrimut Rd, Werribee VIC 3030",UTC+11
VIC,28/1/2025,4/4/2025,Wyndham,Rhyme Time,music_book,"Stories, songs and rhymes designed to develop early language, literacy and numeracy skills.",1 - 5 years,Monday,12:30pm - 1:00pm,Manor Lakes Library,"86 Manor Lakes Blvd, Manor Lakes VIC 3024",UTC+11
VIC,28/1/2025,4/4/2025,Wyndham,Rhyme Time,music_book,"Stories, songs and rhymes designed to develop early language, literacy and numeracy skills.",1 - 5 years,Thursday,10:30am - 11:00am,Manor Lakes Library,"86 Manor Lakes Blvd, Manor Lakes VIC 3024",UTC+11
VIC,28/1/2025,4/4/2025,Wyndham,Rhyme Time,music_book,"Stories, songs and rhymes designed to develop early language, literacy and numeracy skills.",1 - 5 years,Tuesday,9:30am - 10:00am,Point Cook Library,"1-21 Cheetham St, Point Cook VIC 3029",UTC+11
VIC,28/1/2025,4/4/2025,Wyndham,Rhyme Time,music_book,"Stories, songs and rhymes designed to develop early language, literacy and numeracy skills.",1 - 5 years,Wednesday,9:30am - 10:00am,Point Cook Library,"1-21 Cheetham St, Point Cook VIC 3029",UTC+11
VIC,28/1/2025,4/4/2025,Wyndham,Rhyme Time,music_book,"Stories, songs and rhymes designed to develop early language, literacy and numeracy skills.",1 - 5 years,Saturday,10:15am - 10:45am,Point Cook Library,"1-21 Cheetham St, Point Cook VIC 3029",UTC+11
VIC,28/1/2025,4/4/2025,Wyndham,Rhyme Time,music_book,"Stories, songs and rhymes designed to develop early language, literacy and numeracy skills.",1 - 5 years,Tuesday,10:30am - 11:00am,Truganina Library Lounge,"1 Everton Rd, Truganina VIC 3029",UTC+11
VIC,28/1/2025,4/4/2025,Wyndham,Rhyme Time,music_book,"Stories, songs and rhymes designed to develop early language, literacy and numeracy skills.",1 - 5 years,Thursday,10:30am - 11:00am,Truganina Library Lounge,"1 Everton Rd, Truganina VIC 3029",UTC+11
VIC,28/1/2025,4/4/2025,Wyndham,Rhyme Time,music_book,"Stories, songs and rhymes designed to develop early language, literacy and numeracy skills.",1 - 5 years,Monday,10:30am - 11:00am,Williams Landing Library Lounge,"Unit 1/101 Overton Rd, Williams Landing VIC 3027",UTC+11
VIC,28/1/2025,4/4/2025,Wyndham,Rhyme Time,music_book,"Stories, songs and rhymes designed to develop early language, literacy and numeracy skills.",1 - 5 years,Wednesday,10:15am - 10:45am,Williams Landing Library Lounge,"Unit 1/101 Overton Rd, Williams Landing VIC 3027",UTC+11
VIC,28/1/2025,4/4/2025,Wyndham,Rhyme Time,music_book,"Stories, songs and rhymes designed to develop early language, literacy and numeracy skills.",1 - 5 years,Wednesday,11:30am - 12:00pm,Williams Landing Library Lounge,"Unit 1/101 Overton Rd, Williams Landing VIC 3027",UTC+11
VIC,28/1/2025,4/4/2025,Wyndham,Rhyme Time,music_book,"Stories, songs and rhymes designed to develop early language, literacy and numeracy skills.",1 - 5 years,Thursday,10:30am - 11:00am,Williams Landing Library Lounge,"Unit 1/101 Overton Rd, Williams Landing VIC 3027",UTC+11
VIC,28/1/2025,4/4/2025,Wyndham,Rhyme Time,music_book,"Stories, songs and rhymes designed to develop early language, literacy and numeracy skills.",1 - 5 years,Friday,9:30am - 10:00am,Williams Landing Library Lounge,"Unit 1/101 Overton Rd, Williams Landing VIC 3027",UTC+11
VIC,28/1/2025,4/4/2025,Wyndham,Rhyme Time,music_book,"Stories, songs and rhymes designed to develop early language, literacy and numeracy skills.",1 - 5 years,Friday,11:00am - 11:30am,Williams Landing Library Lounge,"Unit 1/101 Overton Rd, Williams Landing VIC 3027",UTC+11
VIC,28/1/2025,4/4/2025,Wyndham,Rhyme Time - Pop Up,music_book,"Stories, songs and rhymes designed to develop early language, literacy and numeracy skills.",1 - 5 years,Wednesday,10:00am - 10:30am,Dianella Community Centre,"6 Congo Dr, Tarneit VIC 3029",UTC+11
VIC,28/1/2025,4/4/2025,Wyndham,Rhyme Time - Pop Up,music_book,"Stories, songs and rhymes designed to develop early language, literacy and numeracy skills.",1 - 5 years,Thursday,2:15pm - 2:45pm,The Grange Community Centre,"260-280 Hogans Rd, Hoppers Crossing VIC 3029",UTC+11
VIC,28/1/2025,4/4/2025,Wyndham,Rhyme Time - Pop Up,music_book,"Stories, songs and rhymes designed to develop early language, literacy and numeracy skills.",1 - 5 years,Tuesday,10:00am - 10:30am,Lollypop Creek Community Centre,"104 Shipwright Parade, Werribee VIC 3030",UTC+11
VIC,28/1/2025,4/4/2025,Wyndham,Rhyme Time - Pop Up,music_book,"Stories, songs and rhymes designed to develop early language, literacy and numeracy skills.",1 - 5 years,Tuesday,1:45pm - 2:15pm,Saltwater Community Centre,"153 Saltwater Promenade, Point Cook VIC 3030",UTC+11
VIC,28/1/2025,4/4/2025,Wyndham,Rhyme Time - Pop Up,music_book,"Stories, songs and rhymes designed to develop early language, literacy and numeracy skills.",1 - 5 years,Thursday,10:00am - 10:30am,"Wyndham Park, West Lawn","Cottrell St, Werribee VIC 3030",UTC+11
VIC,28/1/2025,4/4/2025,Wyndham,Story Time,teddy_book,"Sessions include stories, songs and rhymes, and a simple craft activity designed to develop early language, literacy and numeracy skills.",3 - 5 years,Wednesday,11:00am - 11:30am,Julia Gillard Library Tarneit,"150 Sunset Views Blvd, Tarneit VIC 3029",UTC+11
VIC,28/1/2025,4/4/2025,Wyndham,Story Time,teddy_book,"Sessions include stories, songs and rhymes, and a simple craft activity designed to develop early language, literacy and numeracy skills.",3 - 5 years,Friday,10:30am - 11:00am,Manor Lakes Library,"86 Manor Lakes Blvd, Manor Lakes VIC 3024",UTC+11
VIC,28/1/2025,4/4/2025,Wyndham,Story Time,teddy_book,"Sessions include stories, songs and rhymes, and a simple craft activity designed to develop early language, literacy and numeracy skills.",3 - 5 years,Tuesday,11:00am - 11:30am,Point Cook Library,"1-21 Cheetham St, Point Cook VIC 3029",UTC+11
VIC,28/1/2025,4/4/2025,Wyndham,Story Time,teddy_book,"Sessions include stories, songs and rhymes, and a simple craft activity designed to develop early language, literacy and numeracy skills.",3 - 5 years,Friday,10:00am - 10:30am,Point Cook Library,"1-21 Cheetham St, Point Cook VIC 3029",UTC+11
VIC,28/1/2025,4/4/2025,Hobsons Bay,Story Time,teddy_book,"Join us for stories, songs, and rhymes exploring adventures in nature.",1-5,Monday,10:00am - 10:30am,Newport Community Hub,"13 Mason St, Newport 3015",UTC+11
VIC,28/1/2025,4/4/2025,Hobsons Bay,Baby Time ,baby,A gentle session with songs and stories to nurture early language skills.,0-2,Monday,11:00am - 11:30am,Newport Community Hub,"13 Mason St, Newport 3015",UTC+11
VIC,28/1/2025,4/4/2025,Hobsons Bay,Game On!,?,After school program focused on fun games for primary-aged children.,5-12,Monday,3:30pm - 4:30pm,Newport Community Hub,"13 Mason St, Newport 3016",UTC+11
VIC,28/1/2025,4/4/2025,Hobsons Bay,Story Scribblers,?,Support for primary school children who find reading challenging.,5-12,Monday,3:45pm to 04:45pm,Williamstown Library,"104 Ferguson St, Williamstown 3016",UTC+11
VIC,28/1/2025,4/4/2025,Hobsons Bay,Baby Time,baby,Engaging session with songs and literacy tips for babies.,0-2,Tuesday,11:00am - 11:30am,Altona Library,"123 Queen St, Altona 3018",UTC+11
VIC,28/1/2025,4/4/2025,Hobsons Bay,LEGO Challenge ,?,Weekly LEGO challenges to enhance problem-solving skills and creativity.,5-12,Tuesday,3:30pm - 4:30pm,Williamstown Library,"104 Ferguson St, Williamstown 3016",UTC+11
VIC,28/1/2025,4/4/2025,Hobsons Bay,Baby Time ,baby,Gentle session with songs and stories to foster love for reading.,0-2,Wednesday,9:30am - 10:00am,Seabrook Community Centre,"15 Truganina Ave, Seabrook 3028",UTC+11
VIC,28/1/2025,4/4/2025,Hobsons Bay,Story Time,teddy_book,"Stories, songs, and rhymes that take children on exciting adventures.",0-5,Wednesday,10:00am - 10:30am,Brooklyn Community Hall,"35 Nolan Avenue, Brooklyn 3012",UTC+11
VIC,28/1/2025,4/4/2025,Hobsons Bay,Story Time ,teddy_book,Join for stories and songs exploring various themes and seasons.,0-5,Wednesday,10:30am - 11:00am,Seabrook Community Centre,"15 Truganina Ave, Seabrook 3028",UTC+11
VIC,28/1/2025,4/4/2025,Hobsons Bay,Baby Time ,baby,Gentle songs and rhymes to support early literacy development.,0-2,Wednesday,11:00am - 11:30am,Brooklyn Community Hall,"35 Nolan Avenue, Brooklyn 3012",UTC+11
VIC,28/1/2025,4/4/2025,Hobsons Bay,STEAM Discovery Time,?,Explore STEAM topics through play-based learning for preschoolers.,3-5,Wednesday,11:00am - 12:00pm,Altona Meadows Library and Learning Centre,"2 Newham Way, Altona Meadows 3028",UTC+11
VIC,28/1/2025,4/4/2025,Hobsons Bay,LEGO Challenge ,?,Creative LEGO challenges to develop problem-solving skills.,5-12,Wednesday,3:30pm to 4:30pm,Altona Library,"123 Queen St, Altona 3018",UTC+11
VIC,28/1/2025,4/4/2025,Hobsons Bay,Story Time,teddy_book,"Engaging stories, songs, and rhymes to spark children's imagination.",0-5,Thursday,10:00am - 10:30am,Altona Meadows Library and Learning Centre,"2 Newham Way, Altona Meadows 3028",UTC+11
VIC,28/1/2025,4/4/2025,Hobsons Bay,Baby Time,baby,Interactive session with stories and rhymes for babies.,0-2,Thursday,11:00am - 11:30am,Altona Meadows Library and Learning Centre,"2 Newham Way, Altona Meadows 3028",UTC+11
VIC,28/1/2025,4/4/2025,Hobsons Bay,Environmental Discovery Time,?,Program for preschoolers to learn about the environment through play.,3-5,Thursday,11:00am - 12:00pm,Altona Library,"123 Queen St, Altona 3018",UTC+11
VIC,28/1/2025,4/4/2025,Hobsons Bay,LEGO Challenge ,?,Creative LEGO challenges to develop problem-solving skills.,5-12,Thursday,3:30pm - 4:30pm,STEAM Centre at Altona Meadows Library,"2 Newham Way, Altona Meadows 3028",UTC+11
VIC,28/1/2025,4/4/2025,Hobsons Bay,Story Time,teddy_book,Join for fun stories and rhymes exploring different themes.,0-5,Friday,9:30am - 10:00am,Woods Street Art Space,"44 Woods Street, Laverton 3028",UTC+11
VIC,28/1/2025,4/4/2025,Hobsons Bay,Story Time ,teddy_book,Engaging storytelling session filled with songs and rhymes.,0-5,Friday,10:00am - 10:30am,Williamstown Library,"104 Ferguson St, Williamstown 3016",UTC+11
VIC,28/1/2025,4/4/2025,Hobsons Bay,Baby Time ,baby,Gentle session focusing on songs and literacy for early development.,0-2,Friday,11:00am - 11:30am,Williamstown Library,"104 Ferguson St, Williamstown 3016",UTC+11
VIC,28/1/2025,4/4/2025,Hobsons Bay,STEAM Club,?,Use creativity in a scientific way through hands-on activities.,5-12,Friday,3:30pm - 4:30pm,Altona Meadows Library and Learning Centre,"2 Newham Way, Altona Meadows 3028",UTC+11
VIC,28/1/2025,4/4/2025,Hobsons Bay,Story Time,teddy_book,Stories and songs that ignite children's imagination and learning.,0-5,Monday,10:00am - 10:30am,Altona Library,"123 Queen St, Altona 3018",UTC+11
VIC,28/1/2025,4/4/2025,Maribyrnong,Story Time,teddy_book,Nurture a love of reading and early literacy with classic tales and singalongs.,3-5,Tuesday,11:00 AM - 11:45 AM,Braybrook Library,"107-109 Churchill Avenue, Braybrook 3019",UTC+11
VIC,28/1/2025,4/4/2025,Maribyrnong,Story Time,teddy_book,Nurture a love of reading and early literacy with classic tales and singalongs.,3-5,Wednesday,11:00 AM - 11:45 AM,Footscray Library,"56 Paisley Street, Footscray 3011",UTC+11
VIC,28/1/2025,4/4/2025,Maribyrnong,Story Time,teddy_book,Nurture a love of reading and early literacy with classic tales and singalongs.,3-5,Thursday,11:00 AM - 11:45 AM,Maribyrnong Library,"120 Rosamond Road, Maribyrnong 3032",UTC+11
VIC,28/1/2025,4/4/2025,Maribyrnong,Story Time,teddy_book,Nurture a love of reading and early literacy with classic tales and singalongs.,3-5,Saturday,11:00 AM - 11:30 AM,West Footscray Library,"539 Barkly Street, West Footscray 3012",UTC+11
VIC,28/1/2025,4/4/2025,Maribyrnong,Story Time,teddy_book,Nurture a love of reading and early literacy with classic tales and singalongs.,3-5,Monday,11:00 AM - 11:30 AM,Yarraville Library,"32 Wembley Avenue, Yarraville 3013",UTC+11
VIC,28/1/2025,4/4/2025,Maribyrnong,Toddler Time,music_book,"Engage toddlers in singing, stories, movement, and play to support language development and social skills.",1-3,Monday,02:00 PM - 02:30 PM,Braybrook Library,"107-109 Churchill Avenue, Braybrook 3019",UTC+11
VIC,28/1/2025,4/4/2025,Maribyrnong,Toddler Time,music_book,"Engage toddlers in singing, stories, movement, and play to support language development and social skills.",1-3,Wednesday,11:00 AM - 11:30 AM,Yarraville Library,"32 Wembley Avenue, Yarraville 3013",UTC+11
VIC,28/1/2025,4/4/2025,Maribyrnong,Toddler Time,music_book,"Engage toddlers in singing, stories, movement, and play to support language development and social skills.",1-3,Friday,11:00 AM - 11:30 AM,West Footscray Library,"539 Barkly Street, West Footscray 3012",UTC+11
VIC,28/1/2025,4/4/2025,Maribyrnong,Bilingual Story Time,teddy_book,"Inspire a love of reading and support early bilingual skills through stories, songs, and rhymes.  Note: languages rotate - Vietnamese, Arabic, Hindi, Chinese.",0-5,Wednesday,11:00 AM - 11:30 AM,Braybrook Library,"107-109 Churchill Avenue, Braybrook, 3019",UTC+11
VIC,28/1/2025,4/4/2025,Maribyrnong,Baby Rhyme Time,baby,"Engaging sessions with rhymes, stories, and songs to encourage language development.",0-1,Wednesday,02:00 PM - 02:30 PM,Footscray Library,"56 Paisley Street, Footscray, 3011",UTC+11
VIC,28/1/2025,4/4/2025,Maribyrnong,Baby Rhyme Time,baby,"Engaging sessions with rhymes, stories, and songs to encourage language development.",0-1,Thursday,11:00 AM - 11:30 AM,Yarraville Library,"32 Wembley Avenue, Yarraville, 3015",UTC+11
VIC,28/1/2025,4/4/2025,Maribyrnong,Baby Rhyme Time,baby,"Engaging sessions with rhymes, stories, and songs to encourage language development.",0-1,Thursday,02:00 PM - 02:30 PM,Maribyrnong Library,"200 Rosamond Road, Maribyrnong, 3032",UTC+11
VIC,28/1/2025,4/4/2025,Maribyrnong,Baby Rhyme Time,baby,"Engaging sessions with rhymes, stories, and songs to encourage language development.",0-1,Friday,11:00 AM - 11:30 AM,Braybrook Library,"107-139 Churchill Avenue, Braybrook, 3019",UTC+11
VIC,28/1/2025,4/4/2025,Maribyrnong,Baby Rhyme Time,baby,"Engaging sessions with rhymes, stories, and songs to encourage language development.",0-1,Tuesday,11:00 AM - 11:30 AM,West Footscray Library,"539 Barkly Street, West Footscray, 3012",UTC+11
VIC,28/1/2025,4/4/2025,Maribyrnong,Kids Club,?,"Experience a world of fun and creativity with arts, crafts, games, and experiments.",6-12,Wednesday,04:00 PM - 05:00 PM,Braybrook Library,"107-109 Churchill Avenue, Braybrook, 3019",UTC+11
VIC,28/1/2025,4/4/2025,Maribyrnong,Kids Club,?,"Experience a world of fun and creativity with arts, crafts, games, and experiments.",6-12,Saturday,11:00 AM - 12:00 PM,Braybrook Library,"107-109 Churchill Avenue, Braybrook, 3019",UTC+11
VIC,28/1/2025,4/4/2025,Maribyrnong,Kids Club,?,"Experience a world of fun and creativity with arts, crafts, games, and experiments.",6-12,Friday,04:00 PM - 05:00 PM,Yarraville Library,"32 Wembley Avenue, Yarraville, 3013",UTC+11
VIC,28/1/2025,4/4/2025,Maribyrnong,Busy Builders,blocks,Help toddlers develop fine motor skills and creativity at this DUPLO club with hands-on building.,6 - 3,Thursday,11:00 AM - 12:00 PM,West Footscray Library,"539 Barkly Street, West Footscray, 3012",UTC+11
VIC,28/1/2025,4/4/2025,Maribyrnong,Auslan Bilingual Story Time,teddy_book,Nurture a love of reading and early literacy in Auslan and English with a deaf storyteller.,3 - 5,Tuesday,11:00 AM - 11:45 AM,Braybrook Library,"107-109 Churchill Avenue, Braybrook, 3019",UTC+11
VIC,28/1/2025,4/4/2025,Manningham,Baby Karaoke,baby,Join us for a fun and interactive session of singing simple songs and nursery rhymes to promote early language development.,0-1,Monday,10:30 AM - 11:00 AM,Box Hill Library,"1040 Whitehorse Road, Box Hill",UTC+11
VIC,28/1/2025,4/4/2025,Manningham,Baby Karaoke,baby,Join us for a fun and interactive session of singing simple songs and nursery rhymes to promote early language development.,0-1,Thursday,2:30 PM - 3:00 PM,Bulleen Library,"397 Thompsons Road, Bulleen",UTC+11
VIC,28/1/2025,4/4/2025,Manningham,Baby Karaoke,baby,Join us for a fun and interactive session of singing simple songs and nursery rhymes to promote early language development.,0-1,Tuesday,2:30 PM - 3:00 PM,Doncaster  Library,"670 Doncaster Road, Doncaster",UTC+11
VIC,28/1/2025,4/4/2025,Manningham,Baby Karaoke,baby,Join us for a fun and interactive session of singing simple songs and nursery rhymes to promote early language development.,0-1,Tuesday,2:30 PM - 3:00 PM,Nunawading  Library,"379 Whitehorse Road, Nunawading",UTC+11
VIC,28/1/2025,4/4/2025,Manningham,Baby Karaoke,baby,Join us for a fun and interactive session of singing simple songs and nursery rhymes to promote early language development.,0-1,Monday,10:30 AM - 11:00 AM,The Pines  Library,"135 Reynolds Road, Pines",UTC+11
VIC,28/1/2025,4/4/2025,Manningham,Baby Karaoke,baby,Join us for a fun and interactive session of singing simple songs and nursery rhymes to promote early language development.,0-1,Thursday,2:30 PM - 3:00 PM,Vermont South  Library,"2-4 Sweeney Drive, Vermont South",UTC+11
VIC,28/1/2025,4/4/2025,Manningham,Baby Karaoke,baby,Join us for a fun and interactive session of singing simple songs and nursery rhymes to promote early language development.,0-1,Wednesday,2:30 PM - 3:00 PM,Warrandyte  Library,"6 Yarra Street, Warrandyte",UTC+11
VIC,28/1/2025,4/4/2025,Manningham,Tiny Tots,baby,Join us for a fun and interactive session of storytelling and singing to support early literacy development.,1 -2,Tuesdays,2:30 PM - 3:00 PM,Blackburn,"3-5 Central Road, Blackburn",UTC+11
VIC,28/1/2025,4/4/2025,Manningham,Tiny Tots,baby,Join us for a fun and interactive session of storytelling and singing to support early literacy development.,1 -2,Thursdays,10:30 AM - 11:00 AM,Box Hill,"1040 Whitehorse Road, Box Hill",UTC+11
VIC,28/1/2025,4/4/2025,Manningham,Tiny Tots,baby,Join us for a fun and interactive session of storytelling and singing to support early literacy development.,1 -2,Wednesdays,10:30 AM - 11:00 AM,Bulleen,"397 Thompsons Road, Bulleen",UTC+11
VIC,28/1/2025,4/4/2025,Manningham,Tiny Tots,baby,Join us for a fun and interactive session of storytelling and singing to support early literacy development.,1 -2,Mondays,10:30 AM - 11:00 AM,Doncaster,"670 Doncaster Road, Doncaster",UTC+11
VIC,28/1/2025,4/4/2025,Manningham,Tiny Tots,baby,Join us for a fun and interactive session of storytelling and singing to support early literacy development.,1 -2,Mondays,2:30 PM - 3:00 PM,Nunawading,"379 Whitehorse Road, Nunawading",UTC+11
VIC,28/1/2025,4/4/2025,Manningham,Tiny Tots,baby,Join us for a fun and interactive session of storytelling and singing to support early literacy development.,1 -2,Fridays,10:30 AM - 11:00 AM,Nunawading,"379 Whitehorse Road, Nunawading",UTC+11
VIC,28/1/2025,4/4/2025,Manningham,Tiny Tots,baby,Join us for a fun and interactive session of storytelling and singing to support early literacy development.,1 -2,Tuesdays,10:30 AM - 11:00 AM,The Pines,"135 Reynolds Road, Pines",UTC+11
VIC,28/1/2025,4/4/2025,Manningham,Tiny Tots,baby,Join us for a fun and interactive session of storytelling and singing to support early literacy development.,1 -2,Tuesdays,10:30 AM - 11:00 AM,Vermont South,"2-4 Sweeney Drive, Vermont South",UTC+11
VIC,28/1/2025,4/4/2025,Manningham,Pre School Storytime,teddy_book,Join us for a fun and interactive session of storytelling and rhymes to foster a love for reading.,2 - 3 years,Thursdays,11:00 AM - 11:45 AM,Blackburn,"3-5 Central Road, Blackburn",UTC+11
VIC,28/1/2025,4/4/2025,Manningham,Pre School Storytime,teddy_book,Join us for a fun and interactive session of storytelling and rhymes to foster a love for reading.,2 - 3 years,Fridays,11:00 AM - 11:45 AM,Box Hill,"1040 Whitehorse Road, Box Hill",UTC+11
VIC,28/1/2025,4/4/2025,Manningham,Pre School Storytime,teddy_book,Join us for a fun and interactive session of storytelling and rhymes to foster a love for reading.,2 - 3 years,Mondays,11:00 AM - 11:45 AM,Bulleen,"397 Thompsons Road, Bulleen",UTC+11
VIC,28/1/2025,4/4/2025,Manningham,Pre School Storytime,teddy_book,Join us for a fun and interactive session of storytelling and rhymes to foster a love for reading.,2 - 3 years,Wednesdays,11:00 AM - 11:45 AM,Doncaster,"670 Doncaster Road, Doncaster",UTC+11
VIC,28/1/2025,4/4/2025,Manningham,Pre School Storytime,teddy_book,Join us for a fun and interactive session of storytelling and rhymes to foster a love for reading.,2 - 3 years,Tuesdays,11:00 AM - 11:45 AM,Nunawading,"379 Whitehorse Road, Nunawading",UTC+11
VIC,28/1/2025,4/4/2025,Manningham,Pre School Storytime,teddy_book,Join us for a fun and interactive session of storytelling and rhymes to foster a love for reading.,2 - 3 years,Thursdays,11:00 AM - 11:45 AM,The Pines,"135 Reynolds Road, Pines",UTC+11
VIC,28/1/2025,4/4/2025,Manningham,Pre School Storytime,teddy_book,Join us for a fun and interactive session of storytelling and rhymes to foster a love for reading.,2 - 3 years,Fridays,11:00 AM - 11:45 AM,Vermont South,"2-4 Sweeney Drive, Vermont South",UTC+11
VIC,28/1/2025,4/4/2025,Manningham,Pre School Storytime,teddy_book,Join us for a fun and interactive session of storytelling and rhymes to foster a love for reading.,2 - 3 years,Wednesdays,11:00 AM - 11:45 AM,Warrandyte,"6 Yarra Street, Warrandyte",UTC+11
VIC,28/1/2025,4/4/2025,Yarra Plenty Libraries *note diff to councils,Baby Storytime,teddy_book,"Join us for a fun session of simple rhymes, songs, and fingerplay. You are never too young for Storytime!",0-1 years,Monday,10:30 AM - 11:00 AM,Diamond Valley Library,"1000 Main Road, Diamond Creek",UTC+11
VIC,28/1/2025,4/4/2025,Yarra Plenty Libraries *note diff to councils,Baby Storytime,teddy_book,"Join us for a fun session of simple rhymes, songs, and fingerplay. You are never too young for Storytime!",0-1 years,Monday,11:30 AM - 12:00 PM,Eltham Library,"275 Pitt Street, Eltham",UTC+11
VIC,28/1/2025,4/4/2025,Yarra Plenty Libraries *note diff to councils,Baby Storytime,teddy_book,"Join us for a fun session of simple rhymes, songs, and fingerplay. You are never too young for Storytime!",0-1 years,Wednesday,10:00 AM - 10:30 AM,Mernda Library,"4 Mernda Village Drive, Mernda",UTC+11
VIC,28/1/2025,4/4/2025,Yarra Plenty Libraries *note diff to councils,Baby Storytime,teddy_book,"Join us for a fun session of simple rhymes, songs, and fingerplay. You are never too young for Storytime!",0-1 years,Wednesday,10:30 AM - 11:00 AM,Eltham Library,"275 Pitt Street, Eltham",UTC+11
VIC,28/1/2025,4/4/2025,Yarra Plenty Libraries *note diff to councils,Baby Storytime,teddy_book,"Join us for a fun session of simple rhymes, songs, and fingerplay. You are never too young for Storytime!",0-1 years,Wednesday,11:30 AM - 12:00 PM,Mill Park Library,"394 Plenty Road, Mill Park",UTC+11
VIC,28/1/2025,4/4/2025,Yarra Plenty Libraries *note diff to councils,Baby Storytime,teddy_book,"Join us for a fun session of simple rhymes, songs, and fingerplay. You are never too young for Storytime!",0-1 years,Wednesday,11:30 AM - 12:00 PM,Ivanhoe Library,"255 Upper Heidelberg Road, Ivanhoe",UTC+11
VIC,28/1/2025,4/4/2025,Yarra Plenty Libraries *note diff to councils,Baby Storytime,teddy_book,"Join us for a fun session of simple rhymes, songs, and fingerplay. You are never too young for Storytime!",0-1 years,Wednesday,2:00 PM - 2:30 PM,Eltham Library,"275 Pitt Street, Eltham",UTC+11
VIC,28/1/2025,4/4/2025,Yarra Plenty Libraries *note diff to councils,Family Storytime,teddy_book,"Join us for a fun session featuring songs, rhymes, and stories for the whole family!",1 - 5 years,Monday,10:00 AM - 10:30 AM,Yarra Plenty Mobile Library,Wollert (specific location details),UTC+11
VIC,28/1/2025,4/4/2025,Yarra Plenty Libraries *note diff to councils,Family Storytime,teddy_book,"Join us for a fun session featuring songs, rhymes, and stories led by an expert storyteller.",1 - 5 years,Monday,10:00 AM - 10:45 AM,Watsonia Library,"4 Watsonia Road, Watsonia",UTC+11
VIC,28/1/2025,4/4/2025,Yarra Plenty Libraries *note diff to councils,Family Storytime,teddy_book,Join us for a fun session designed for families with multiple children to enjoy together!,1 - 5 years,Monday,11:00 AM - 11:30 AM,Mernda Village Community Centre,Mernda Village (specific location details),UTC+11
VIC,28/1/2025,4/4/2025,Yarra Plenty Libraries *note diff to councils,Family Storytime,teddy_book,"Join us for a fun session featuring songs, rhymes, and stories led by an expert storyteller.",1 - 5 years,Monday,11:15 AM - 11:45 AM,Rosanna Fire Station Community House,"10 Rosanna Road, Rosanna",UTC+11
VIC,28/1/2025,4/4/2025,Yarra Plenty Libraries *note diff to councils,Family Storytime,teddy_book,"Join us for a fun session featuring songs, rhymes, and stories with our storyteller adjusting for all ages.",1 - 5 years,Wednesday,10:00 AM - 10:30 AM,Galada Hub,"2 Galada Drive, Preston",UTC+11
VIC,28/1/2025,4/4/2025,Yarra Plenty Libraries *note diff to councils,Family Storytime,teddy_book,"Join us for a fun session featuring songs, rhymes, and stories. Our engaging storyteller will cater to all ages.",1 - 5 years,Wednesday,10:30 AM - 11:00 AM,Hurstbridge Hub,"8 Hurstbridge Road, Hurstbridge",UTC+11
VIC,28/1/2025,4/4/2025,Yarra Plenty Libraries *note diff to councils,Family Storytime,teddy_book,Join us for a fun session made for children of different ages and development levels.,1 - 5 years,Wednesday,10:30 AM - 11:00 AM,Diamond Valley Library,"1000 Main Road, Diamond Creek",UTC+11
VIC,28/1/2025,4/4/2025,Yarra Plenty Libraries *note diff to councils,Family Storytime,teddy_book,"Join us for an open session featuring songs, rhymes, and stories, led by an expert storyteller.",1 - 5 years,Wednesday,10:30 AM - 11:00 AM,"Shared Space Olivine, Donnybrook","10 Olivine Boulevard, Donnybrook",UTC+11
VIC,28/1/2025,4/4/2025,Yarra Plenty Libraries *note diff to councils,Family Storytime,teddy_book,"Join us for a fun session with stories, songs, and rhymes told in Macedonian to develop your child's language skills.",1 - 5 years,Wednesday,1:30 PM - 2:00 PM,Thomastown Library,"30 Main Street, Thomastown",UTC+11
VIC,28/1/2025,4/4/2025,Yarra Plenty Libraries *note diff to councils,Family Storytime,teddy_book,"Join us for a fun session with stories, rhymes, songs, and activities suitable for all ages.",1 - 5 years,Thursday,10:30 AM - 11:00 AM,Macleod Community Hall,"41 Macleod Drive, Macleod",UTC+11
VIC,28/1/2025,4/4/2025,Yarra Plenty Libraries *note diff to councils,Family Storytime,teddy_book,Join us for a fun session designed for children of different ages and development levels.,1 - 5 years,Thursday,10:30 AM - 11:00 AM,Lalor Library,"30 Lalor Road, Lalor",UTC+11
VIC,28/1/2025,4/4/2025,Yarra Plenty Libraries *note diff to councils,Family Storytime,teddy_book,Join us for a fun session designed for children of different ages and development levels.,1 - 5 years,Friday,10:00 AM - 10:30 AM,Mill Park Library,"394 Plenty Road, Mill Park",UTC+11
VIC,28/1/2025,4/4/2025,Yarra Plenty Libraries *note diff to councils,Family Storytime,teddy_book,Join us for a fun session designed for children of different ages and development levels.,1 - 5 years,Friday,10:00 AM - 10:30 AM,Thomastown Library,"30 Main Street, Thomastown",UTC+11
VIC,28/1/2025,4/4/2025,Yarra Plenty Libraries *note diff to councils,Family Storytime,teddy_book,Join us for a fun session designed for children of different ages and development levels.,1 - 5 years,Friday,10:30 AM - 11:00 AM,Whittlesea Library,"25 Ferres Boulevard, South Morang",UTC+11
VIC,28/1/2025,4/4/2025,Yarra Plenty Libraries *note diff to councils,Family Storytime,teddy_book,Join us for a fun session designed for children of different ages and development levels.,1 - 5 years,Friday,10:30 AM - 11:00 AM,Kirrip Library,"10 Kirrip Way, Kilmore",UTC+11
VIC,28/1/2025,4/4/2025,Yarra Plenty Libraries *note diff to councils,Family Storytime,teddy_book,"Join us for a fun session with stories, rhymes, songs, and activities suitable for young children.",1 - 5 years,Friday,10:30 AM - 11:00 AM,Bellfield Community Hub,"10 Bell Street, Bellfield",UTC+11
VIC,28/1/2025,4/4/2025,Knox,Tiny Tots,baby,"Simple stories, songs, and rhymes to support your baby's development.  Storytime introduces language and literacy, and is a special time to bond with your baby.",0-1 year,Monday,10:30 AM - 11:00 AM,Bayswater Library,"1 Ethel Court, Bayswater, VIC 3153",UTC+11
VIC,28/1/2025,4/4/2025,Knox,Family,?,Storytime helps your child develop early literacy skills and a lifelong love of books. It is also a special time to bond with your child.,0-6 years,Friday,10:30 AM - 11:00 AM,Bayswater Library,"1 Ethel Court, Bayswater, VIC 3153",UTC+11
VIC,28/1/2025,4/4/2025,Knox,Toddler,music_book,"Stories, songs and rhymes to support your child's development. Storytime helps your child develop early literacy skills and a lifelong love of books. It is also a special time to bond with your child.",1-3 years,Monday,11:00AM - 11:30am,Belgrave Library,"1634 Belgrave-Gembrook Rd, Belgrave, VIC 3160",UTC+11
VIC,28/1/2025,4/4/2025,Knox,Tiny Tots,baby,"Simple stories, songs, and rhymes to support your baby's development.  Storytime introduces language and literacy, and is a special time to bond with your baby.",0-1 year,Monday,2:00 PM - 2:30pm,Belgrave Library,"1634 Belgrave-Gembrook Rd, Belgrave, VIC 3160",UTC+11
VIC,28/1/2025,4/4/2025,Knox,Preschool,?,Helps your child develop early literacy skills and a lifelong love of books. It is also a special time to bond with your child.,3-5 years,Tuesday,11:00 AM,Belgrave Library,"1634 Belgrave-Gembrook Rd, Belgrave, VIC 3160",UTC+11
VIC,28/1/2025,4/4/2025,Knox,Cuddle & Connect,?,"Cuddle up with your little one, and join us for our special storytime for gentle rhymes, songs, lullabies and stories.
You are welcome to enjoy a cuppa, and the company of fellow parents and parents-to-be, before and after our session.",0 - 0.25 months,Monday,9:30 AM,Boronia Library,"1 Park Crescent, Boronia, VIC 3155",UTC+11
VIC,28/1/2025,4/4/2025,Knox,Toddler,music_book,"Stories, songs and rhymes to support your child's development. Storytime helps your child develop early literacy skills and a lifelong love of books. It is also a special time to bond with your child.",1-3 years,Tuesday,10:00 AM,Boronia Library,"1 Park Crescent, Boronia, VIC 3155",UTC+11
VIC,28/1/2025,4/4/2025,Knox,Tiny Tots,baby,"Simple stories, songs, and rhymes to support your baby's development.  Storytime introduces language and literacy, and is a special time to bond with your baby.",0-1 year,Tuesday,1:00 PM,Boronia Library,"1 Park Crescent, Boronia, VIC 3155",UTC+11
VIC,28/1/2025,4/4/2025,Knox,Family,?,Storytime helps your child develop early literacy skills and a lifelong love of books. It is also a special time to bond with your child.,0-6 years,Wednesday,10:00 AM,Boronia Library,"1 Park Crescent, Boronia, VIC 3155",UTC+11
VIC,28/1/2025,4/4/2025,Knox,Preschool,?,Helps your child develop early literacy skills and a lifelong love of books. It is also a special time to bond with your child.,3-6 years,Tuesday,11:00 AM,Croydon Library,"5 Civic Square, Croydon, VIC 3136",UTC+11
VIC,28/1/2025,4/4/2025,Knox,Toddler,?,"Stories, songs and rhymes to support your child's development. Storytime helps your child develop early literacy skills and a lifelong love of books. It is also a special time to bond with your child.",1-3 years,Thursday,10:00 AM,Croydon Library,"5 Civic Square, Croydon, VIC 3136",UTC+11
VIC,28/1/2025,4/4/2025,Knox,Family,?,Storytime helps your child develop early literacy skills and a lifelong love of books. It is also a special time to bond with your child.,0-6 years,Friday,11:00 AM,Croydon Library,"5 Civic Square, Croydon, VIC 3136",UTC+11
VIC,28/1/2025,4/4/2025,Knox,Tiny Tots,baby,"Simple stories, songs, and rhymes to support your baby's development.  Storytime introduces language and literacy, and is a special time to bond with your baby.",0-1 year,Friday,2:00 PM,Croydon Library,"5 Civic Square, Croydon, VIC 3136",UTC+11
VIC,28/1/2025,4/4/2025,Knox,Tiny Tots,baby,"Simple stories, songs, and rhymes to support your baby's development.  Storytime introduces language and literacy, and is a special time to bond with your baby.",0-1 year,Monday,9:30 AM,Ferntree Gully Library,"1010 Burwood Highway, Ferntree Gully, VIC 3156",UTC+11
VIC,28/1/2025,4/4/2025,Knox,Toddler,?,"Stories, songs and rhymes to support your child's development. Storytime helps your child develop early literacy skills and a lifelong love of books. It is also a special time to bond with your child.",1-3 years,Wednesday,1:00 PM,Ferntree Gully Library,"1010 Burwood Highway, Ferntree Gully, VIC 3156",UTC+11
VIC,28/1/2025,4/4/2025,Knox,Family,?,Storytime helps your child develop early literacy skills and a lifelong love of books. It is also a special time to bond with your child.,0-6 years,Thursday,11:00 AM,Ferntree Gully Library,"1010 Burwood Highway, Ferntree Gully, VIC 3156",UTC+11
VIC,28/1/2025,4/4/2025,Knox,Tiny Tots,baby,"Simple stories, songs, and rhymes to support your baby's development.  Storytime introduces language and literacy, and is a special time to bond with your baby.",0-1 year,Tuesday,11:00 AM,Healesville Library,"150 Maroondah Highway, Healesville, VIC 3777",UTC+11
VIC,28/1/2025,4/4/2025,Knox,Family,?,Storytime helps your child develop early literacy skills and a lifelong love of books. It is also a special time to bond with your child.,0-6 years,Wednesday,10:30 AM,Healesville Library,"150 Maroondah Highway, Healesville, VIC 3777",UTC+11
VIC,28/1/2025,4/4/2025,Knox,Toddler,?,"Stories, songs and rhymes to support your child's development. Storytime helps your child develop early literacy skills and a lifelong love of books. It is also a special time to bond with your child.",1-3 years,Friday,9:30 AM,Healesville Library,"150 Maroondah Highway, Healesville, VIC 3777",UTC+11
VIC,28/1/2025,4/4/2025,Knox,Preschool,?,Helps your child develop early literacy skills and a lifelong love of books. It is also a special time to bond with your child.,3-6 years,Tuesday,11:00 AM,Knox Library – Ngarrgoo,"1-15 William Street, Bayswater, VIC 3153",UTC+11
VIC,28/1/2025,4/4/2025,Knox,Toddler,?,"Stories, songs and rhymes to support your child's development. Storytime helps your child develop early literacy skills and a lifelong love of books. It is also a special time to bond with your child.",1-3 years,Wednesday,10:00 AM,Knox Library – Ngarrgoo,"1-15 William Street, Bayswater, VIC 3153",UTC+11
VIC,28/1/2025,4/4/2025,Knox,Family,?,Storytime helps your child develop early literacy skills and a lifelong love of books. It is also a special time to bond with your child.,0-6 years,Thursday,10:30 AM,Knox Library – Ngarrgoo,"1-15 William Street, Bayswater, VIC 3153",UTC+11
VIC,28/1/2025,4/4/2025,Knox,Tiny Tots,baby,"Simple stories, songs, and rhymes to support your baby's development.  Storytime introduces language and literacy, and is a special time to bond with your baby.",0-1 year,Friday,10:00 AM,Knox Library – Ngarrgoo,"1-15 William Street, Bayswater, VIC 3153",UTC+11
VIC,28/1/2025,4/4/2025,Knox,Toddler,?,"Stories, songs and rhymes to support your child's development. Storytime helps your child develop early literacy skills and a lifelong love of books. It is also a special time to bond with your child.",1-3 years,Monday,10:00 AM,Lilydale Library,"6 Anderson Street, Lilydale, VIC 3140",UTC+11
VIC,28/1/2025,4/4/2025,Knox,Family,?,Storytime helps your child develop early literacy skills and a lifelong love of books. It is also a special time to bond with your child.,0-6 years,Tuesday,11:00 AM,Lilydale Library,"6 Anderson Street, Lilydale, VIC 3140",UTC+11
VIC,28/1/2025,4/4/2025,Knox,Tiny Tots,baby,"Simple stories, songs, and rhymes to support your baby's development.  Storytime introduces language and literacy, and is a special time to bond with your baby.",0-1 year,Wednesday,2:00 PM,Lilydale Library,"6 Anderson Street, Lilydale, VIC 3140",UTC+11
VIC,28/1/2025,4/4/2025,Knox,Family,?,Storytime helps your child develop early literacy skills and a lifelong love of books. It is also a special time to bond with your child.,0-6 years,Thursday,10:00 AM,Lilydale Library,"6 Anderson Street, Lilydale, VIC 3140",UTC+11
VIC,28/1/2025,4/4/2025,Knox,Family,?,Storytime helps your child develop early literacy skills and a lifelong love of books. It is also a special time to bond with your child.,0-6 years,Thursday,11:00 AM,Miller’s Homestead,"22 Millers Lane, Murrindindi, VIC 3717",UTC+11
VIC,28/1/2025,4/4/2025,Knox,Tiny Tots,baby,"Simple stories, songs, and rhymes to support your baby's development.  Storytime introduces language and literacy, and is a special time to bond with your baby.",0-1 year,Thursday,2:00 PM,Miller’s Homestead,"22 Millers Lane, Murrindindi, VIC 3717",UTC+11
VIC,28/1/2025,4/4/2025,Knox,Toddler,?,"Stories, songs and rhymes to support your child's development. Storytime helps your child develop early literacy skills and a lifelong love of books. It is also a special time to bond with your child.",1-3 years,Monday,10:00 AM,Montrose Library,"935 Mount Dandenong Road, Montrose, VIC 3767",UTC+11
VIC,28/1/2025,4/4/2025,Knox,Family,?,Storytime helps your child develop early literacy skills and a lifelong love of books. It is also a special time to bond with your child.,0-6 years,Thursday,9:30 AM,Montrose Library,"935 Mount Dandenong Road, Montrose, VIC 3767",UTC+11
VIC,28/1/2025,4/4/2025,Knox,Tiny Tots,baby,"Simple stories, songs, and rhymes to support your baby's development.  Storytime introduces language and literacy, and is a special time to bond with your baby.",0-1 year,Thursday,11:00 AM,Montrose Library,"935 Mount Dandenong Road, Montrose, VIC 3767",UTC+11
VIC,28/1/2025,4/4/2025,Knox,Preschool,?,Helps your child develop early literacy skills and a lifelong love of books. It is also a special time to bond with your child.,3-6 years,Monday,10:00 AM,Mooroolbark Library,"1 Brice Avenue, Mooroolbark, VIC 3138",UTC+11
VIC,28/1/2025,4/4/2025,Knox,Tiny Tots,baby,"Simple stories, songs, and rhymes to support your baby's development.  Storytime introduces language and literacy, and is a special time to bond with your baby.",0-1 year,Wednesday,11:00 AM,Mooroolbark Library,"1 Brice Avenue, Mooroolbark, VIC 3138",UTC+11
VIC,28/1/2025,4/4/2025,Melbourne,Preschool Storytime,teddy_book,"Enjoy the fun stories, songs, rhymes and activities with your child.​",3-5 years,Monday,10:30am - 11:15am,Library at The Dock,"107 Victoria Harbour Promenade, Docklands VIC 3008",UTC+11
VIC,28/1/2025,4/4/2025,Melbourne,Preschool Storytime,teddy_book,"Enjoy the fun stories, songs, rhymes and activities with your child.​",3-5 years,Tuesday,10:30am - 11:15am,North Melbourne Library,"66 Errol Street, North Melbourne VIC 3051",UTC+11
VIC,28/1/2025,4/4/2025,Melbourne,Stompers,music_book,"Music, rhymes and stories to encourage your child to have a lifelong love of books.",1.5 - 3 years,Monday,10:30am - 11:00 am,East Melbourne Library,"122 George Street, East Melbourne VIC 3002",UTC+11
VIC,28/1/2025,4/4/2025,Melbourne,Stompers,music_book,"Music, rhymes and stories to encourage your child to have a lifelong love of books.",1.5 - 3 years,Monday,10:30am - 11:15am,Kathleen Syme Library,"251 Faraday Street, Carlton VIC 3053",UTC+11
VIC,28/1/2025,4/4/2025,Melbourne,Stompers,music_book,"Music, rhymes and stories to encourage your child to have a lifelong love of books.",1.5 - 3 years,Tuesday,10:30am - 11:00 am,Library at The Dock,"107 Victoria Harbour Promenade, Docklands VIC 3008",UTC+11
VIC,28/1/2025,4/4/2025,Melbourne,Stompers,music_book,"Music, rhymes and stories to encourage your child to have a lifelong love of books.",1.5 - 3 years,Thursday,10:30am - 11:00 am,North Melbourne Library,"66 Errol Street, North Melbourne VIC 3051",UTC+11
VIC,28/1/2025,4/4/2025,Melbourne,Stompers,music_book,"Music, rhymes and stories to encourage your child to have a lifelong love of books.",1.5 - 3 years,Friday,10:30am - 11:00 am,narrm ngarrgu Library,"141 Therry Street, Melbourne VIC 3000",UTC+11
VIC,28/1/2025,4/4/2025,Melbourne,Stompers,music_book,"Music, rhymes and stories to encourage your child to have a lifelong love of books.",1.5 - 3 years,Thursday,10:30am - 11:00 am,Southbank Library,"207 City Road, Southbank VIC 3006",UTC+11
VIC,28/1/2025,4/4/2025,Melbourne,Songbirds,music_book,"Songs, rhymes and stories will engage your budding bookworm’s mind and introduce them to the fun and rhythm of language.​",0 - 1.5 years,Monday,10:30am - 11:00 am,North Melbourne Library,"66 Errol Street, North Melbourne VIC 3051",UTC+11
VIC,28/1/2025,4/4/2025,Melbourne,Songbirds,music_book,"Songs, rhymes and stories will engage your budding bookworm’s mind and introduce them to the fun and rhythm of language.​",0 - 1.5 years,Wednesday,10:30am - 11:00 am,North Melbourne Library,"66 Errol Street, North Melbourne VIC 3051",UTC+11
VIC,28/1/2025,4/4/2025,Melbourne,Songbirds,music_book,"Songs, rhymes and stories will engage your budding bookworm’s mind and introduce them to the fun and rhythm of language.​",0 - 1.5 years,Monday,10:30am - 11:00 am,Southbank Library,"207 City Road, Southbank VIC 3006",UTC+11
VIC,28/1/2025,4/4/2025,Melbourne,Songbirds,music_book,"Songs, rhymes and stories will engage your budding bookworm’s mind and introduce them to the fun and rhythm of language.​",0 - 1.5 years,Tuesday,10:30am - 11:00 am,Kathleen Syme Library,"251 Faraday Street, Carlton VIC 3053",UTC+11
VIC,28/1/2025,4/4/2025,Melbourne,Songbirds,music_book,"Songs, rhymes and stories will engage your budding bookworm’s mind and introduce them to the fun and rhythm of language.​",0 - 1.5 years,Wednesday,10:30am - 11:00 am,Library at The Dock,"107 Victoria Harbour Promenade, Docklands VIC 3008",UTC+11
VIC,28/1/2025,4/4/2025,Melbourne,Songbirds,music_book,"Songs, rhymes and stories will engage your budding bookworm’s mind and introduce them to the fun and rhythm of language.​",0 - 1.5 years,Thursday,10:30am - 11:00 am,East Melbourne Library,"122 George Street, East Melbourne VIC 3002",UTC+11