State,Council,What's On?,Icon,Short description,Suitable for,Day,Time,Where?,Address,
WA,City of Albany,Rhymetime,music_book,"Bounce, sing, and enjoy favourite rhymes with your baby while exploring fun, educational resources. Sessions are free and typically last 20 minutes.",0-2,Wednesday,10:30am - 11:00am,Albany Regional Library – Family & Children’s Area,"45 York St, Albany, WA 6330",
WA,City of Albany,Rhymetime,music_book,"Bounce, sing, and enjoy favourite rhymes with your baby while exploring fun, educational resources. Sessions are free and typically last 20 minutes.",0-2,Friday,10:30am - 11:00am,Albany Regional Library – Family & Children’s Area,"45 York St, Albany, WA 6330",
WA,City of Albany,Storytime,teddy_book,"Bringing Books to Life – Engage your child’s imagination, develop language and literacy skills, and socialise with others through exciting book sessions. Sessions are free, typically last 30 minutes, and include an inclusive session on the 1st Thursday of each month.",3-5,Thursday,10:30am - 11:00am,Albany Regional Library – Storytime Area,"45 York St, Albany, WA 6330",
WA,Shire of Bunbury,Rhyme Time,music_book,"Singing, clapping, and dancing for babies, promoting pre-literacy, communication, and language skills.",0-2,Wednesday,10:30am - 11:00am,Bunbury Public Library,"2 Parkfield St, Bunbury WA 6230",
WA,Shire of Bunbury,Story Time,teddy_book,"Interactive stories, songs, and activities.",2-5,Friday,10:30am - 11:00am,Bunbury Public Library,"2 Parkfield St, Bunbury WA 6230",
WA,Shire of Bunbury,Little Explorers,plant,Science and sensory play encouraging investigation and experimentation.,1.5-4,Monday,10:30am - 11:00am,Bunbury Public Library,"2 Parkfield St, Bunbury WA 6230",
WA,Shire of Bunbury,STEAM Junior,pencil,"Science, technology, engineering, art, and math activities.",4-8,Tuesday,3:30pm - 4:00pm,Bunbury Public Library,"2 Parkfield St, Bunbury WA 6230",
WA,Shire of Bunbury,STEAM Discoverers,pencil,"Weekly rotations of STEAM Club, Lego Club, Tech Club, and Art Club.",8-12,Thursday,3:30pm - 4:00pm,Bunbury Public Library,"2 Parkfield St, Bunbury WA 6230",
WA,Shire of Busselton,Storytime,teddy_book,"Stories, songs, and interactive activities for preschoolers.",3-5,Tuesday,10:30am - 11:00am,Busselton Library,"25 Queen Street, Busselton WA 6280",
WA,Shire of Busselton,Storytime,teddy_book,"Stories, songs, and interactive activities for preschoolers.",3-5,Wednesday,10:30am - 11:00am,Dunsborough Library,"25 Cyrillean Way, Dunsborough WA 6281",
WA,Shire of Busselton,Baby Bounce,baby,"Rhymes, songs, and activities for babies and toddlers to promote early literacy.",0-2 ,Monday,10:30am - 11:00am,Busselton Library,"25 Queen Street, Busselton WA 6280",
WA,Shire of Busselton,Baby Bounce,baby,"Rhymes, songs, and activities for babies and toddlers to promote early literacy.",0-2 ,Thursday,10:30am - 11:00am,Dunsborough Library,"25 Cyrillean Way, Dunsborough WA 6281",
WA,City of Armadale,Story Time,teddy_book,"Hear stories, sing songs, and enjoy a craft activity together. These sessions help children learn literacy and STEAM skills (science, technology, engineering, arts, and mathematics) and prepare them for school.",0 – 5,Tuesday,10:30am – 11:00am,Armadale Library,"7 Orchard Ave, Armadale WA 6112",
WA,City of Armadale,Story Time,teddy_book,"Hear stories, sing songs, and enjoy a craft activity together. These sessions help children learn literacy and STEAM skills and prepare them for school.",0 – 5,Monday,10:30am – 11:00am,Kelmscott Library,"2784 Albany Hwy, Kelmscott WA 6111",
WA,City of Armadale,Baby Rhyme Time,baby,"Spend quality time with your little ones and encourage their early literacy skills with stories, songs, and rhymes.",0 – 2,Friday,9:30am – 10:00am,Piara Waters Library,"1 Piara Waters Rd, Piara Waters WA 6112",
WA,City of Armadale,Baby Rhyme Time,baby,"Spend quality time with your little ones and encourage their early literacy skills with stories, songs, and rhymes.",0 – 2,Friday,9:30am – 10:00am,Armadale Library,"7 Orchard Ave, Armadale WA 6112",
WA,City of Armadale,Baby Rhyme Time,baby,"Spend quality time with your little ones and encourage their early literacy skills with stories, songs, and rhymes.",0 – 2,Friday,9:30am – 10:00am,Kelmscott Library,"2784 Albany Hwy, Kelmscott WA 6111",
WA,City of Armadale,Learning English Through Storytime (LETS),languages,"A program suitable for children aged three to four years and their carers, focusing on learning English through storytime.",3 – 4,Monday,10:30am – 11:30am,Armadale Library,"7 Orchard Ave, Armadale WA 6112",
WA,City of Bayswater,Rhymetime,baby,"Rhymes, songs, and stories for carers and babies.",0-2,Monday,9:00am - 9:30am,Maylands Library,"28 Eighth Avenue, Maylands WA 6051",
WA,City of Bayswater,Rhymetime,baby,"Rhymes, songs, and stories for carers and babies.",0-2,Tuesday,9:45am - 10:15am,Morley Library,"240 Walter Road West, Morley WA 6062",
WA,City of Bayswater,Rhymetime,baby,"Rhymes, songs, and stories for carers and babies.",0-2,Thursday,9:45am - 10:15am,Maylands Library,"28 Eighth Avenue, Maylands WA 6051",
WA,City of Bayswater,Rhymetime,baby,"Rhymes, songs, and stories for carers and babies.",0-2,Friday,9:45am - 10:15am,Bayswater Library,"25 King William Street, Bayswater WA 6053",
WA,City of Bayswater,Storytime,music_book,"Stories, rhymes, songs, and crafts for children.",2-5,Monday,10:30am - 11:00am,Bayswater Library,"25 King William Street, Bayswater WA 6053",
WA,City of Bayswater,Storytime,music_book,"Stories, rhymes, songs, and crafts for children.",2-5,Tuesday,10:30am - 11:00am,Maylands Library,"28 Eighth Avenue, Maylands WA 6051",
WA,City of Bayswater,Storytime,music_book,"Stories, rhymes, songs, and crafts for children.",2-5,Wednesday,10:30am - 11:00am,Morley Library,"240 Walter Road West, Morley WA 6062",
WA,City of Bayswater,Storytime,music_book,"Stories, rhymes, songs, and crafts for children.",2-5,Thursday,10:30am - 11:00am,Maylands Library,"28 Eighth Avenue, Maylands WA 6051",
WA,City of Bayswater,Storytime,music_book,"Stories, rhymes, songs, and crafts for children.",2-5,Friday,10:30am - 11:00am,Bayswater Library,"25 King William Street, Bayswater WA 6053",
WA,City of Bayswater,Sensory Storytime,heart,"Smaller groups with songs, stories, and sensory play.",2-5,Tuesday,10:30am - 11:30am,Morley Library,"240 Walter Road West, Morley WA 6062",
WA,City of Bayswater,Make It Club,lego,"Craft, Lego, and science activities after school.",5-12,Tuesday,3:30pm - 4:30pm,Maylands Library,"28 Eighth Avenue, Maylands WA 6051",
WA,City of Bayswater,Make It Club,lego,"Craft, Lego, and science activities after school.",5-12,Thursday,3:30pm - 4:30pm,Bayswater Library,"25 King William Street, Bayswater WA 6053",
WA,City of Bayswater,Make It Club,lego,"Craft, Lego, and science activities after school.",5-12,Friday,3:30pm - 4:30pm,Morley Library,"240 Walter Road West, Morley WA 6062",
WA,City of Belmont,Bubs at the Hub,baby,"Enjoy rhymes, songs, and stories with your baby and connect with other parents in your local community.",0 – 2,Monday,9:30am – 10:30am,Ruth Faulkner Library,"213 Wright Street, Cloverdale WA 6105",
WA,City of Belmont,Bubs at the Hub,baby,"Enjoy rhymes, songs, and stories with your baby and connect with other parents in your local community.",0 – 2,Wednesday,10:30am – 11:30am,Ruth Faulkner Library,"213 Wright Street, Cloverdale WA 6105",
WA,City of Belmont,Storytime,books,"Join us for stories, rhymes, and songs in this fun, interactive, and educational Storytime. After the session, you are encouraged to stay and meet with other local families as children engage in sensory play and gross motor activities.",0 – 6,Tuesday,10:30am – 11:30am,Ruth Faulkner Library,"213 Wright Street, Cloverdale WA 6105",
WA,City of Belmont,Storytime,books,"Join us for stories, rhymes, and songs in this fun, interactive, and educational Storytime. After the session, you are encouraged to stay and meet with other local families as children engage in sensory play and gross motor activities.",0 – 6,First Saturday of the month,10:30am – 11:30am,Ruth Faulkner Library,"213 Wright Street, Cloverdale WA 6105",
WA,City of Canning,Rhymes,baby,Rhymes to support early language development.,0-2,Tuesday,2:00pm – 2:30pm,Cannington Library,"1300 Albany Hwy, Cannington",
WA,City of Canning,Stories,teddy_book,Storytime to encourage early literacy.,3-5,Wednesday,9:30am – 10:30am,Cannington Library,"1300 Albany Hwy, Cannington",
WA,City of Canning,Rhymes,baby,Short rhymes for language development.,0-2,Wednesday,9:30am – 10:00am,Riverton Library,"67 Riley Rd, Riverton",
WA,City of Canning,Stories,teddy_book,Storytelling for developing listening skills.,3-5,Tuesday,9:30am – 10:30am,Riverton Library,"67 Riley Rd, Riverton",
WA,City of Canning,Rhymes,baby,Fun rhymes to support speech development.,0-2,Tuesday,10:00am – 10:30am,Willetton Library,"16-24 Burrendah Blvd, Willetton",
WA,City of Canning,Stories,teddy_book,Imaginative storytelling for children.,3-5,Friday,10:00am – 11:00am,Willetton Library,"16-24 Burrendah Blvd, Willetton",
WA,City of Canning,ABCD English,languages,"Practice your child’s English before kindergarten at ABCD English! Through talking, singing, reading, and play, these sessions build language skills and confidence for young children new to English. Note: Registration is required for this session.",3-5,Thursday,9.45am – 11:00am,Cannington Library,"1300 Albany Hwy, Cannington",
WA,City of Fremantle,Rhymetime,music_book,"Interactive rhymes, songs, and stories to help babies and parents bond, meet new friends, and enjoy books together.",0-2,Tuesday,9:30am - 10:00am,Fremantle Library,"8-10 William St, Fremantle WA 6160",
WA,City of Fremantle,Hilton Creatives Club,,"A fun creative space for kids to build, create, and solve challenges each week, fostering problem-solving and social skills.",0-12,Tuesday,3:30pm - 4:30pm,Fremantle PCYC,"34 Paget St, Hilton WA 6163",
WA,City of Fremantle,Buster Wednesdays,,"An interactive play session designed for children to explore, play, and develop key skills with their parents/carers.",0-5,Wednesday,9:30am - 11:30am,Fremantle Arts Centre,"1 Finnerty St, Fremantle WA 6160",
WA,City of Fremantle,Storytime,,"Interactive stories, rhymes, and songs to engage children and parents, promoting early literacy and social interaction.",0-5,Thursday,9:30am - 10:30am,Fremantle Library,"8-10 William St, Fremantle WA 6160",
WA,City of Fremantle,Buster Fridays,,"An interactive play session designed for children to explore, play, and develop key skills with their parents/carers.",0-5,Friday,9:30am - 11:30am,Fremantle PCYC,"34 Paget St, Hilton WA 6163",
WA,City of Gosnells,Baby Play,baby,Meet other new parents and enjoy playtime with your little one in these fun and relaxed Baby Play sessions. Learn new songs with a rhyme time at the end of the session.,0 – 1.5,Monday,9:30am – 12:00pm,Huntingdale Community Centre,"Lot 1645 Holmes Street, Huntingdale WA 6110",
WA,City of Gosnells,Creative Kids,pencil,Join the Creative Kids adventure – where art and craft sparks imagination and joy! Creative Kids is a fun-filled program designed for parents and their little ones.,2 – 4,Saturday,9:30am – 10:30am,Huntingdale Community Centre,"Lot 1645 Holmes Street, Huntingdale WA 6110",
WA,City of Gosnells,Creative Older Kids,pencil,"Join the Creative Kids adventure – where art and craft sparks imagination and joy! Each week, dive into exciting, themed activities and crafty adventures.",5 – 8,Thursday,3:30pm – 4:30pm,Huntingdale Community Centre,"Lot 1645 Holmes Street, Huntingdale WA 6110",
WA,City of Gosnells,Tumble Tots,,"Tumble Tots is a high-energy program designed to develop your child's coordination, motor skills, social skills, and imagination.",1.5 – 3,Wednesday,9:30am – 10:30am,Thornlie Library,"200 Forest Lakes Dr, Thornlie WA 6108",
WA,City of Gosnells,Tumble Tots,,"Tumble Tots is a high-energy program designed to develop your child's coordination, motor skills, social skills, and imagination.",3 – 5,Wednesday,10:30am – 11:30am,Thornlie Library,"200 Forest Lakes Dr, Thornlie WA 6108",
WA,City of Melville,Baby Rhyme Time,baby,"A mix of songs, rhymes, activities, and movements designed especially for parents and their babies.",0 – 2,Thursday,9:30am – 10:00am,A.H. Bracks Library,"431 Canning Hwy, Melville WA 6156",
WA,City of Melville,Baby Rhyme Time,baby,"A mix of songs, rhymes, activities, and movements designed especially for parents and their babies.",0 – 2,Thursday,9:30am – 10:00am,Bull Creek Library,"24 Leichhardt St, Bull Creek WA 6149",
WA,City of Melville,Baby Rhyme Time,baby,"A mix of songs, rhymes, activities, and movements designed especially for parents and their babies.",0 – 2,Monday,9:30am – 10:00am,Canning Bridge Library,"2 Kintail Rd, Applecross WA 6153",
WA,City of Melville,Baby Rhyme Time,baby,"A mix of songs, rhymes, activities, and movements designed especially for parents and their babies.",0 – 2,Friday,9:30am – 10:00am,Civic Square Library,"10 Almondbury Rd, Booragoon WA 6154",
WA,City of Melville,Baby Rhyme Time,baby,"A mix of songs, rhymes, activities, and movements designed especially for parents and their babies.",0 – 2,Friday,10:30am – 11:00am,Civic Square Library,"10 Almondbury Rd, Booragoon WA 6154",
WA,City of Melville,Baby Rhyme Time,baby,"A mix of songs, rhymes, activities, and movements designed especially for parents and their babies.",0 – 2,Tuesday,9:30am – 10:00am,Willagee Library,"Cnr Winnacott & Archibald Sts, Willagee WA 6156",
WA,City of Melville,Sensory Storytime,heart,Designed to build early literacy skills for neurodivergent children or those who may experience sensory processing difficulties.,2 – 5,Tuesday,10:30am – 11:15am,A.H. Bracks Library,"431 Canning Hwy, Melville WA 6156",
WA,City of Mundaring,Baby Rhyme Time,baby,"A delightful session featuring songs, rhymes, and simple stories to encourage early literacy skills in babies and toddlers.",0 – 2,Tuesday,10:30am – 11:00am,Mundaring Library,"1 Nichol Street, Mundaring WA 6073",
WA,City of Mundaring,Baby Rhyme Time,baby,"A delightful session featuring songs, rhymes, and simple stories to encourage early literacy skills in babies and toddlers.",0 – 2,Thursday,10:30am – 11:00am,Mundaring Library,"1 Nichol Street, Mundaring WA 6073",
WA,City of Mundaring,Baby Rhyme Time,baby,"A delightful session featuring songs, rhymes, and simple stories to encourage early literacy skills in babies and toddlers.",0 – 2,Wednesday,10:30am – 11:00am,Boya Library,"119-135 Scott Street, Helena Valley WA 6056",
WA,City of Mundaring,Baby Rhyme Time,baby,"A delightful session featuring songs, rhymes, and simple stories to encourage early literacy skills in babies and toddlers.",0 – 2,Friday,10:30am – 11:00am,Boya Library,"119-135 Scott Street, Helena Valley WA 6056",
WA,City of Mundaring,Story Time,teddy_book,Engaging stories and activities designed to develop early literacy skills in young children.,2 – 5,Tuesday,10:30am – 11:15am,Mundaring Library,"1 Nichol Street, Mundaring WA 6073",
WA,City of Mundaring,Story Time,teddy_book,Engaging stories and activities designed to develop early literacy skills in young children.,2 – 5,Thursday,10:30am – 11:15am,Mundaring Library,"1 Nichol Street, Mundaring WA 6073",
WA,City of Mundaring,Story Time,teddy_book,Engaging stories and activities designed to develop early literacy skills in young children.,2 – 5,Wednesday,10:30am – 11:15am,Boya Library,"119-135 Scott Street, Helena Valley WA 6056",
WA,City of Mundaring,Story Time,teddy_book,Engaging stories and activities designed to develop early literacy skills in young children.,2 – 5,Friday,10:30am – 11:15am,Boya Library,"119-135 Scott Street, Helena Valley WA 6056",
WA,City of South Perth,Rhyme Time,baby,"Sing some of your favourite rhymes, learn new ones, and enjoy a story.",0 – 1.5,Wednesday,9:30am – 10:00am,South Perth Library,"Cnr South Tce & Sandgate St, South Perth WA 6151",
WA,City of South Perth,Toddler Time,teddy_book,"Engage in stories, songs, and activities tailored for toddlers.",1.5 – 3,Thursday,9:30am – 10:15am,Manning Library,"2 Conochie Cres, Manning WA 6152",
WA,City of South Perth,Story Time,music_book,"Enjoy stories, songs, and crafts designed for preschoolers.",3 – 5,Tuesday,10:30am – 11:30am,South Perth Library,"Cnr South Tce & Sandgate St, South Perth WA 6151",
WA,City of South Perth,Gentle Sensory Story Time,heart,"Note: only on first Tuesday of the month.  A calm, inclusive storytime for children with sensory sensitivities.",3 – 5,Tuesday,10:30am – 11:30am,Manning Library,"2 Conochie Cres, Manning WA 6152",
WA,City of South Perth,Play Time,blocks,Unstructured play sessions with a variety of toys and activities.,0.5 – 5,Friday,10:00am – 11:30am,Manning Library,"2 Conochie Cres, Manning WA 6152",
WA,City of Stirling,Baby Rhymetime,baby,"Fun sessions to develop early literacy skills with rhymes, action songs, and stories. Great for bonding and learning.",0-2,Thursday,10:30am - 11:00am,Dianella Library,"149 Yale Rd, Dianella WA 6059",
WA,City of Stirling,Baby Rhymetime,baby,"Fun sessions to develop early literacy skills with rhymes, action songs, and stories. Great for bonding and learning.",0-2,Friday,10:30am - 11:00am,Dianella Library,"149 Yale Rd, Dianella WA 6059",
WA,City of Stirling,Baby Rhymetime,baby,"Fun sessions to develop early literacy skills with rhymes, action songs, and stories. Great for bonding and learning.",0-2,Tuesday,10:30am - 11:00am,Inglewood Library,"895 Beaufort St, Inglewood WA 6052",
WA,City of Stirling,Baby Rhymetime,baby,"Fun sessions to develop early literacy skills with rhymes, action songs, and stories. Great for bonding and learning.",0-2,Wednesday,10:30am - 11:00am,Inglewood Library,"895 Beaufort St, Inglewood WA 6052",
WA,City of Stirling,Baby Rhymetime,baby,"Fun sessions to develop early literacy skills with rhymes, action songs, and stories. Great for bonding and learning.",0-2,Wednesday,10:30am - 11:00am,Karrinyup Library,"Davenport St & Karrinyup Rd, Karrinyup WA 6018",
WA,City of Stirling,Baby Rhymetime,baby,"Fun sessions to develop early literacy skills with rhymes, action songs, and stories. Great for bonding and learning.",0-2,Friday,10:30am - 11:00am,Karrinyup Library,"Davenport St & Karrinyup Rd, Karrinyup WA 6018",
WA,City of Stirling,Baby Rhymetime,baby,"Fun sessions to develop early literacy skills with rhymes, action songs, and stories. Great for bonding and learning.",0-2,Wednesday,10:30am - 11:00am,Mirrabooka Library,"21 Sudbury Rd, Mirrabooka WA 6061",
WA,City of Stirling,Baby Rhymetime,baby,"Fun sessions to develop early literacy skills with rhymes, action songs, and stories. Great for bonding and learning.",0-2,Monday,10:30am - 11:00am,Osborne Library,"9 Royal St, Tuart Hill WA 6060",
WA,City of Stirling,Baby Rhymetime,baby,"Fun sessions to develop early literacy skills with rhymes, action songs, and stories. Great for bonding and learning.",0-2,Monday,2:30pm - 3:00pm,Osborne Library,"9 Royal St, Tuart Hill WA 6060",
WA,City of Stirling,Baby Rhymetime,baby,"Fun sessions to develop early literacy skills with rhymes, action songs, and stories. Great for bonding and learning.",0-2,Tuesday,10:30am - 11:00am,Scarborough Library,"173 Gildercliffe St, Scarborough WA 6019",
WA,City of Stirling,Baby Rhymetime,baby,"Fun sessions to develop early literacy skills with rhymes, action songs, and stories. Great for bonding and learning.",0-2,Thursday,10:30am - 11:00am,Scarborough Library,"173 Gildercliffe St, Scarborough WA 6019",
WA,City of Stirling,Pre-school Storytime,teddy_book,"Fun sessions with stories, songs, and activities that develop literacy and school readiness skills.",3-5,Monday,10:30am - 11:00am,Dianella Library,"149 Yale Rd, Dianella WA 6059",
WA,City of Stirling,Saturday Songs and Stories,teddy_book,"Interactive sessions combining stories, rhymes, and songs for young children and their families.",0-5,Saturday,10:00am - 10:30am,Dianella Library,"149 Yale Rd, Dianella WA 6059",
WA,City of Stirling,Pre-school Storytime,teddy_book,"Fun sessions with stories, songs, and activities that develop literacy and school readiness skills.",3-5,Friday,10:30am - 11:00am,Inglewood Library,"895 Beaufort St, Inglewood WA 6052",
WA,City of Stirling,Saturday Songs and Stories,teddy_book,"Interactive sessions combining stories, rhymes, and songs for young children and their families.",0-5,Saturday,10:00am - 10:30am,Inglewood Library,"895 Beaufort St, Inglewood WA 6052",
WA,City of Stirling,Pre-school Storytime,teddy_book,"Fun sessions with stories, songs, and activities that develop literacy and school readiness skills.",3-5,Thursday,10:30am - 11:00am,Karrinyup Library,"Davenport St & Karrinyup Rd, Karrinyup WA 6018",
WA,City of Stirling,Saturday Songs and Stories,teddy_book,"Interactive sessions combining stories, rhymes, and songs for young children and their families.",0-5,Saturday,10:00am - 10:30am,Karrinyup Library,"Davenport St & Karrinyup Rd, Karrinyup WA 6018",
WA,City of Stirling,Pre-school Storytime,teddy_book,"Fun sessions with stories, songs, and activities that develop literacy and school readiness skills.",3-5,Tuesday,10:30am - 11:00am,Mirrabooka Library,"21 Sudbury Rd, Mirrabooka WA 6061",
WA,City of Stirling,Saturday Songs and Stories,teddy_book,"Interactive sessions combining stories, rhymes, and songs for young children and their families.",0-5,Saturday,10:00am - 10:30am,Mirrabooka Library,"21 Sudbury Rd, Mirrabooka WA 6061",
WA,City of Stirling,Pre-school Storytime,teddy_book,"Fun sessions with stories, songs, and activities that develop literacy and school readiness skills.",3-5,Tuesday,10:30am - 11:00am,Osborne Library,"9 Royal St, Tuart Hill WA 6060",
WA,City of Stirling,Saturday Songs and Stories,teddy_book,"Interactive sessions combining stories, rhymes, and songs for young children and their families.",0-5,Saturday,10:00am - 10:30am,Osborne Library,"9 Royal St, Tuart Hill WA 6060",
WA,City of Stirling,Pre-school Storytime,teddy_book,"Fun sessions with stories, songs, and activities that develop literacy and school readiness skills.",3-5,Wednesday,10:30am - 11:00am,Scarborough Library,"173 Gildercliffe St, Scarborough WA 6019",
WA,City of Stirling,Saturday Songs and Stories,teddy_book,"Interactive sessions combining stories, rhymes, and songs for young children and their families.",0-5,Saturday,10:00am - 10:30am,Scarborough Library,"173 Gildercliffe St, Scarborough WA 6019",
WA,City of Stirling,Saturday Songs and Stories,teddy_book,"Interactive sessions combining stories, rhymes, and songs for young children and their families.",0-5,Saturday,10:00am - 10:30am,Osborne Library,"9 Royal St, Tuart Hill WA 6060",
WA,City of Stirling,Pre-school Storytime,teddy_book,"Fun sessions with stories, songs, and activities that develop literacy and school readiness skills.",3-5,Wednesday,10:30am - 11:00am,Scarborough Library,"173 Gildercliffe St, Scarborough WA 6019",
WA,City of Stirling,Saturday Songs and Stories,teddy_book,"Interactive sessions combining stories, rhymes, and songs for young children and their families.",0-5,Saturday,10:00am - 10:30am,Scarborough Library,"173 Gildercliffe St, Scarborough WA 6019",
WA,City of Stirling,LEGO Club,blocks,"A creative space for kids to build, learn, and collaborate on exciting LEGO projects, encouraging imagination and teamwork.",5-12,Thursday,3:30pm - 4:30pm,Osborne Library,"9 Royal St, Tuart Hill WA 6060",
WA,City of Stirling,LEGO Club,blocks,"A creative space for kids to build, learn, and collaborate on exciting LEGO projects, encouraging imagination and teamwork.",5-12,Friday,3:30pm - 4:30pm,Inglewood Library,"895 Beaufort St, Inglewood WA 6052",
WA,City of Stirling,Chinese Language Songs & Stories,languages,"Interactive stories, songs, and rhymes in Mandarin to help children and parents engage with the Chinese language.",2-5,Wednesday,10:30am - 11:00am,Dianella Library,"149 Yale Rd, Dianella WA 6059",
WA,City of Subiaco,Storytime,music_book,"Enjoy interactive stories and a fun craft activity, perfect for preschoolers.",2-5,Tuesday,10:30am - 11:00am,Subiaco Library,"237 Rokeby Road, Subiaco WA 6008",
WA,City of Subiaco,Storytime,music_book,"Enjoy interactive stories and a fun craft activity, perfect for preschoolers.",2-5,Friday,10:30am - 11:00am,Subiaco Library,"237 Rokeby Road, Subiaco WA 6008",
WA,City of Subiaco,Baby Rhymetime,baby,A fun session of nursery rhymes and action songs to bond with your baby.,0-2,Monday,10:00am - 10:30am,Subiaco Library,"237 Rokeby Road, Subiaco WA 6008",
WA,City of Subiaco,Baby Rhymetime,baby,A fun session of nursery rhymes and action songs to bond with your baby.,0-2,Wednesday,10:00am - 10:30am,Subiaco Library,"237 Rokeby Road, Subiaco WA 6008",
WA,City of Wanneroo,It's All About Rhymes,music_book,"Fun with songs, books, and action rhymes, guiding parents through song and rhyme selection.",0-2,"Wednesday, Friday",10:30am - 11:00am,Clarkson Library,"13 Ocean Keys Blvd, Clarkson",
WA,City of Wanneroo,It's All About Rhymes,music_book,"Fun with songs, books, and action rhymes, guiding parents through song and rhyme selection.",0-2,Thursday,10:30am - 11:00am,Girrawheen Library,"1/26 Patrick Ct, Girrawheen",
WA,City of Wanneroo,It's All About Rhymes,music_book,"Fun with songs, books, and action rhymes, guiding parents through song and rhyme selection.",0-2,Wednesday,10:30am - 11:00am,Wanneroo Library,"3 Rocca Way, Wanneroo",
WA,City of Wanneroo,It's All About Rhymes,music_book,"Fun with songs, books, and action rhymes, guiding parents through song and rhyme selection.",0-2,Wednesday,10:30am - 11:00am,Yanchep Library,"2/73 Yanchep Beach Rd, Yanchep",
WA,City of Wanneroo,It's All About Stories,teddy_book,"Introduce children to books, encourage reading, and stimulate imagination through interactive sessions.",2-5,"Tuesday, Thursday",10:30am - 11:00am,Clarkson Library,"13 Ocean Keys Blvd, Clarkson",
WA,City of Wanneroo,It's All About Stories,teddy_book,"Introduce children to books, encourage reading, and stimulate imagination through interactive sessions.",2-5,Friday,10:30am - 11:00am,Girrawheen Library,"1/26 Patrick Ct, Girrawheen",
WA,City of Wanneroo,It's All About Stories,teddy_book,"Introduce children to books, encourage reading, and stimulate imagination through interactive sessions.",2-5,Thursday,10:30am - 11:00am,Wanneroo Library,"3 Rocca Way, Wanneroo",
WA,City of Wanneroo,It's All About Stories,teddy_book,"Introduce children to books, encourage reading, and stimulate imagination through interactive sessions.",2-5,Thursday,10:30am - 11:00am,Yanchep/Two Rocks Library,"2/73 Yanchep Beach Rd, Yanchep",
WA,City of Wanneroo,It's All About Play,blocks,"Fun play session with sensory toys, crafts, dress-ups, and tactile experiences, supporting child development.",0-5,Monday,9:00am - 11:00am,Yanchep Library,"2/73 Yanchep Beach Rd, Yanchep",
WA,City of Wanneroo,It's All About Play,blocks,"Fun play session with sensory toys, crafts, dress-ups, and tactile experiences, supporting child development.",0-5,Monday,9:00am - 11:00am,Clarkson Library,"13 Ocean Keys Blvd, Clarkson",
WA,City of Wanneroo,It's All About Play,blocks,"Fun play session with sensory toys, crafts, dress-ups, and tactile experiences, supporting child development.",0-5,Friday,9:00am - 11:00am,Wanneroo Library,"3 Rocca Way, Wanneroo",
WA,City of Wanneroo,It's All About Play,blocks,"Fun play session with sensory toys, crafts, dress-ups, and tactile experiences, supporting child development.",0-5,Monday,9:00am - 11:00am,Girrawheen Library,"1/26 Patrick Ct, Girrawheen",
WA,City of Wanneroo,Child Health Nurse Drop-In,nurse,"Quick question sessions with the Child Health Nurse, plus parenting support.",0-5,Monday,9:30am - 11:00am,Clarkson Library,"13 Ocean Keys Blvd, Clarkson",
WA,City of Wanneroo,Child Health Nurse Drop-In,nurse,"Quick question sessions with the Child Health Nurse, plus parenting support.",0-5,Wednesday,9:00am - 10:30am,Yanchep Library,"2/73 Yanchep Beach Rd, Yanchep",
WA,City of Wanneroo,LEGO Club,lego,"LEGO club for building and creativity, promoting social interaction and problem-solving skills.",5-12,Tuesday,3:30pm - 4:15pm,Yanchep Library,"2/73 Yanchep Beach Rd, Yanchep",
WA,City of Wanneroo,LEGO Club,lego,"LEGO club for building and creativity, promoting social interaction and problem-solving skills.",5-12,Wednesday,3:30pm - 4:30pm,Girrawheen Library,"1/26 Patrick Ct, Girrawheen",
WA,City of Wanneroo,LEGO Club,lego,"LEGO club for building and creativity, promoting social interaction and problem-solving skills.",5-12,Thursday,3:30pm - 4:15pm,Clarkson Library,"13 Ocean Keys Blvd, Clarkson",
WA,City of Wanneroo,LEGO Club,lego,"LEGO club for building and creativity, promoting social interaction and problem-solving skills.",5-12,Saturday,10:30am - 11:30am,Wanneroo Library,"3 Rocca Way, Wanneroo",
WA,City of Wanneroo,Junior Chess Club,chess,Chess club for learning and fun. Sessions run by an experienced coach. Bookings required.,6-12,Monday,3:45pm - 5:00pm,Clarkson Library,"13 Ocean Keys Blvd, Clarkson",
WA,Mandurah City Council,Rhymetime,music_book,"A fun way to share action rhymes, finger plays, songs, and stories to help build language and literacy skills in a relaxed setting.",0 – 2,Tuesday,10:30am – 11:00am,Falcon Library,"2/3 Peelwood Parade, Falcon WA 6210",
WA,Mandurah City Council,Rhymetime,music_book,"A fun way to share action rhymes, finger plays, songs, and stories to help build language and literacy skills in a relaxed setting.",0 – 2,Wednesday,10:00am – 10:30am,Mandurah Library,"331 Pinjarra Road, Mandurah WA 6210",
WA,Mandurah City Council,Baby Rhymetime,baby,"A fun way to share action rhymes, finger plays, songs, and stories to help build language and literacy skills in a relaxed setting.",0 – 2,Thursday,9:30am – 10:00am,Lakelands Library,"49 Banksiadale Gate, Lakelands WA 6180",
WA,Rockingham City Council,Rhyme Time,music_book,"Interactive sessions with songs, stories, and rhymes to share with your baby.",0 – 2,Tuesday,11:00am – 11:30am,Rockingham Central Library,"49 Flinders Lane, Rockingham WA 6168",
WA,Rockingham City Council,Rhyme Time,music_book,"Interactive sessions with songs, stories, and rhymes to share with your baby.",0 – 2,Wednesday,9:30am – 10:00am,Safety Bay Library,"112 Safety Bay Road, Safety Bay WA 6169",
WA,Rockingham City Council,Rhyme Time,music_book,"Interactive sessions with songs, stories, and rhymes to share with your baby.",0 – 2,Thursday,9:30am – 10:00am,Warnbro Community Library,"3/3 Livingstone Drive, Warnbro WA 6169",
WA,Mandurah City Council,Storytime,teddy_book,Storytime is held in the library to introduce families with young children to the joys of sharing stories. Sessions include engaging stories and STEAM-inspired craft activities.,0-5,Monday,9:30am - 10:00am,Mandurah Library,"51 Main Street, Mandurah, WA 6210",
WA,Mandurah City Council,Storytime,teddy_book,Storytime is held in the library to introduce families with young children to the joys of sharing stories. Sessions include engaging stories and STEAM-inspired craft activities.,0-5,Tuesday,9:30am - 10:00am,Lakelands Library,"49 Banksiadale Gate, Lakelands WA 6180",
WA,Mandurah City Council,Storytime,teddy_book,Storytime is held in the library to introduce families with young children to the joys of sharing stories. Sessions include engaging stories and STEAM-inspired craft activities.,0-5,Thursday,10:30am - 11:00am,Falcon Library,"Cobblers Rd &, Flavia St, Falcon WA 6210",
WA,Shire of Augusta Margaret River,Storytime,teddy_book,"Storytime encourages children to discover a love of books, stories, reading, and rhymes.",2-5,Tuesday,10:30am - 11:00am,Margaret River Library,"220 Bussell Hwy, Margaret River WA 6285",
WA,Shire of Augusta Margaret River,Baby Rhyme Time,baby,"Rhymes and songs for babies and caregivers to enjoy together, no bookings required.",0-2 ,Monday,2:00pm - 2:30pm,Margaret River Library,"220 Bussell Hwy, Margaret River WA 6285",
WA,Shire of Kalamunda,Rhymetime,music_book,"A fun and interactive session for babies and toddlers, featuring songs, rhymes, and simple stories to encourage early literacy skills.",0 – 1.5,Monday,9:30am – 10:00am,High Wycombe Library,"200 Newburn Rd, High Wycombe WA 6057",
WA,Shire of Kalamunda,Rhymetime,music_book,"A fun and interactive session for babies and toddlers, featuring songs, rhymes, and simple stories to encourage early literacy skills.",0 – 1.5,Wednesday,9:30am – 10:00am,Kalamunda Library,"7 Railway Rd, Kalamunda WA 6076",
WA,Shire of Kalamunda,Rhymetime,music_book,"A fun and interactive session for babies and toddlers, featuring songs, rhymes, and simple stories to encourage early literacy skills.",0 – 1.5,Thursday,9:30am – 10:00am,Forrestfield Library,"25 Berkshire Rd, Forrestfield WA 6058",
WA,Shire of Kalamunda,Storytime,teddy_book,Engaging stories and activities designed to develop early literacy skills in young children.,1.5 – 5,Monday,11:00am – 11:30am,High Wycombe Library,"200 Newburn Rd, High Wycombe WA 6057",
WA,Shire of Kalamunda,Storytime,teddy_book,Engaging stories and activities designed to develop early literacy skills in young children.,1.5 – 5,Thursday,11:00am – 11:30am,Kalamunda Library,"7 Railway Rd, Kalamunda WA 6076",
WA,Shire of Kalamunda,Storytime,teddy_book,Engaging stories and activities designed to develop early literacy skills in young children.,1.5 – 5,Thursday,11:00am – 11:30am,Forrestfield Library,"25 Berkshire Rd, Forrestfield WA 6058",
WA,Shire of Kalamunda,Crafternoon,pencil,Creative craft sessions for children to explore their artistic talents.,6 – 12,Monday,3:30pm – 4:30pm,High Wycombe Library,"200 Newburn Rd, High Wycombe WA 6057",
WA,Shire of Kalamunda,Lego Club,lego,A fun and interactive session where children can build and create with Lego.,6 – 12,Saturday,9:00am – 10:00am,Lesmurdie Library,"1 Canning Rd, Lesmurdie WA 6076",
WA,Shire of Kalamunda,Lego Club,lego,A fun and interactive session where children can build and create with Lego.,6 – 12,Saturday,9:00am – 10:00am,High Wycombe Library,"200 Newburn Rd, High Wycombe WA 6057",
WA,Shire of Kalamunda,Discover and Create,pencil,A creative program for children to explore various art and craft activities.,4 – 10,Saturday,10:00am – 11:00am,Forrestfield Library,"25 Berkshire Rd, Forrestfield WA 6058",
WA,Shire of Serpentine-Jarrahdale,Story Time,teddy_book,Engaging stories and activities designed to develop early literacy skills in young children.,2 – 5,Tuesday,10:00am – 10:30am,Mundijong Library,"10 Paterson Street, Mundijong WA 6123",
WA,Shire of Serpentine-Jarrahdale,Story Time,teddy_book,Engaging stories and activities designed to develop early literacy skills in young children.,2 – 5,Thursday,10:00am – 10:30am,Mundijong Library,"10 Paterson Street, Mundijong WA 6123",
WA,Shire of Serpentine-Jarrahdale,LEGO Club,lego,A fun and interactive session where children can build and create with LEGO.,5 – 12,Wednesday,3:30pm – 4:30pm,Mundijong Library,"10 Paterson Street, Mundijong WA 6123",
WA,Shire of Serpentine-Jarrahdale,LEGO Club,lego,A fun and interactive session where children can build and create with LEGO.,5 – 12,Saturday,10:00am – 11:00am,Mundijong Library,"10 Paterson Street, Mundijong WA 6123",
WA,Broome City Council,Toddler Rhymetime,music_book,"A fun and interactive session for babies and toddlers, featuring songs, rhymes, and simple stories to encourage early literacy skills.",1-3,Monday,10:00am – 10:30am,Broome Public Library,"Hamersley St &, Haas St, Broome WA 6725",
WA,Broome City Council,Story Time,teddy_book,Engaging stories and activities designed to develop early literacy skills in young children.,3-5,Tuesday,10:00am – 10:30am,Broome Public Library,"Hamersley St &, Haas St, Broome WA 6726",
WA,Broome City Council,Lego Club,lego,"A creative club where children build and explore with LEGO bricks, developing fine motor skills and teamwork.",5-12,Friday,3:00 PM – 4:30 PM,Broome Public Library,"Hamersley St &, Haas St, Broome WA 6725",
WA,Broome City Council,STEAM Art Club,pencil,"Hear stories, sing songs, and enjoy a craft activity together. These sessions help children learn literacy and STEAM skills (science, technology, engineering, arts, and mathematics) and prepare them for school.",8-12,Wednesday,10:00AM - 10:30AM,Broome Public Library,"Hamersley St &, Haas St, Broome WA 6726",
WA,Broome City Council,First Nations Story Time,heart,"A First Nations Storytime Program held every Wednesday at 10:00 AM, focusing on storytelling and cultural activities.",0-5,Wednesday,10:00AM - 10:30AM,Broome Public Library,"Hamersley St &, Haas St, Broome WA 6725",
WA,Broome City Council,Baby Rhyme Time,baby,"A fun and interactive session for babies and toddlers, featuring songs, rhymes, and simple stories to encourage early literacy skills.",0-1,Friday,10:00AM - 10:30AM,Broome Public Library,"Hamersley St &, Haas St, Broome WA 6726",
WA,Geraldton,Rhyme Time,music_book,"A fun session for toddlers and their caregivers, focusing on songs, rhymes, and movement.",1-3,Monday,11:00 – 11:30 AM,Greater Geraldton Library,"63 Marine Terrace, Geraldton, WA 6530",
WA,Geraldton,Storytime,teddy_book,"Storytime for preschoolers, encouraging a love for reading through engaging stories, songs, and activities.",3-5,Tuesday,10:30 – 11:30 AM,Greater Geraldton Library,"63 Marine Terrace, Geraldton, WA 6530",
WA,Geraldton,Baby Rhyme Time,baby,"A gentle session for babies and their caregivers to enjoy songs and rhymes in a relaxed, interactive environment.",0-1,Wednesday,11:00 – 11:30 AM,Greater Geraldton Library,"63 Marine Terrace, Geraldton, WA 6530",
WA,City of Perth,Storytime,teddy_book,"A fun session filled with stories, songs, and crafts designed to develop school readiness, literacy, social, and motor skills. This interactive activity encourages children to participate in a fun and informal environment.",2-4,Thursday,2:00 pm - 3:00 pm,Perth Library,"573 Hay St, Perth WA 6000",
WA,City of Perth,Toddler Rhymetime,music_book,"Active songs and rhymes followed by playtime. This session helps develop early literacy, social, and motor skills through energetic activities. Children enjoy singing and playing together in a lively, engaging setting.",1-2,Tuesday,11:00 am - 12:00 pm,Perth Library,"573 Hay St, Perth WA 6000",
WA,City of Perth,Baby Rhymetime,baby,Soothing songs and rhymes to help develop early language skills for babies. Parents and carers can meet other families while enjoying a relaxed and nurturing environment.,0-1,Thursday,11:00 am - 11:30 am,Perth Library,"573 Hay St, Perth WA 6000",
WA,City of Karratha,Storytime,teddy_book,"A fun and engaging session with stories, crafts, and songs. This activity helps children develop creativity, motor skills, and problem-solving abilities. Followed by playtime.",2-5,Tuesday,10:00AM - 10:30AM,Roebourne Library,"38 Roe St, Roebourne WA 6718","Roebourne, WA"
WA,City of Karratha,Storytime,teddy_book,"Stories, craft, and songs designed to help develop creativity, motor skills, and problem-solving. Followed by playtime.",2-5,Wednesday,10:30am - 11:00am,Wickham Library,"Carse St, Wickham WA 6720","Wickham, WA"
WA,City of Karratha,Storytime,teddy_book,"Craft, stories, and songs to help children boost fine motor skills, creativity, and problem-solving. Followed by playtime.",2-5,Wednesday,10:00AM - 10:30AM,Dampier Library,"Dampier Community Hub, 3 High Street, Dampier WA","Dampier, WA"
WA,City of Karratha,Storytime,teddy_book,"Fun session with stories, songs, and craft to boost creativity and social skills. Followed by playtime.",2-5,Friday,10:00AM - 10:30AM,Karratha Library,"27 Welcome Rd, Karratha WA 6714","Karratha, WA"
WA,City of Karratha,Rhyme Time,baby,"Active songs, rhymes, and play to help children develop early literacy, social, and motor skills.",0-2,Tuesday,10:00AM - 10:30AM,Karratha Library,"27 Welcome Rd, Karratha WA 6714","Karratha, WA"
WA,City of Karratha,Rhyme Time,baby,"Songs, rhymes, and movement to help develop early literacy and motor skills.",0-2,Thursday,10:30am - 11:00am,Wickham Library,"Carse St, Wickham WA 6720","Wickham, WA"
WA,City of Karratha,Rhyme Time,baby,"Rhymes, songs, and movement for developing literacy and motor skills in young children.",0-2,Thursday,10:00AM - 10:30AM,Dampier Library,"Dampier Community Hub, 3 High Street, Dampier WA","Dampier, WA"
WA,City of Greater Geraldton,Story Time,teddy_book,"A lively session featuring stories, songs, and rhymes. Participants receive a take-home craft pack to complete at home, encouraging the development of fine motor skills.",2-5,Thursday,10:00 am – 10:30 am,Geraldton Regional Library,"37 Marine Terrace, Geraldton, WA 6530",
WA,City of Greater Geraldton,Rhyme Time,baby,"Introduces babies to language through songs and rhymes, fostering early literacy skills in a fun and engaging environment.",0-2,Thursday,11:00 am – 11:30 am,Geraldton Regional Library,"37 Marine Terrace, Geraldton, WA 6530",
WA,City of Greater Geraldton,Story Time,teddy_book,"A lively session featuring stories, songs, and rhymes. Participants receive a take-home craft pack to complete at home, encouraging the development of fine motor skills.",2-5,Friday,10:00 am – 10:30 am,Geraldton Regional Library,"37 Marine Terrace, Geraldton, WA 6530",
WA,City of Greater Geraldton,Rhyme Time,baby,"Introduces babies to language through songs and rhymes, fostering early literacy skills in a fun and engaging environment.",0-2,Friday,11:00 am – 11:30 am,Geraldton Regional Library,"37 Marine Terrace, Geraldton, WA 6530",
WA,City of Kalgoorlie-Boulder,Story Time,teddy_book,"A lively session featuring stories, songs, and rhymes, designed to develop early literacy and social skills.",2-5,Tuesday,11:00 am – 11:30 am,William Grundt Memorial Library,"21 Wilson Street, Kalgoorlie WA 6430",
WA,City of Kalgoorlie-Boulder,Story Time,teddy_book,"Engaging stories, songs, and rhymes to foster early literacy and social skills in a fun environment.",2-5,Friday,10:00 am – 10:30 am,William Grundt Memorial Library,"21 Wilson Street, Kalgoorlie WA 6430",
WA,City of Kalgoorlie-Boulder,Baby Rhyme Time,baby,"Soothing songs and rhymes to introduce babies to language, promoting early literacy in a nurturing setting.",0-1.5,Tuesday,10:00 am – 10:30 am,William Grundt Memorial Library,"21 Wilson Street, Kalgoorlie WA 6430",